-- phpMyAdmin SQL Dump
-- version 5.2.1
-- https://www.phpmyadmin.net/
--
-- Host: 127.0.0.1
-- Generation Time: May 03, 2025 at 05:20 AM
-- Server version: 10.4.28-MariaDB
-- PHP Version: 8.2.4

SET SQL_MODE = "NO_AUTO_VALUE_ON_ZERO";
START TRANSACTION;
SET time_zone = "+00:00";


/*!40101 SET @OLD_CHARACTER_SET_CLIENT=@@CHARACTER_SET_CLIENT */;
/*!40101 SET @OLD_CHARACTER_SET_RESULTS=@@CHARACTER_SET_RESULTS */;
/*!40101 SET @OLD_COLLATION_CONNECTION=@@COLLATION_CONNECTION */;
/*!40101 SET NAMES utf8mb4 */;

--
-- Database: `dashboard_db`
--

-- --------------------------------------------------------

--
-- Table structure for table `active_codes`
--

CREATE TABLE `active_codes` (
  `id` bigint(20) UNSIGNED NOT NULL COMMENT 'شناسه یکتا کد فعال‌سازی',
  `user_id` bigint(20) UNSIGNED NOT NULL COMMENT 'شناسه کاربری که این نقش را ایجاد کرده',
  `code` int(10) UNSIGNED NOT NULL COMMENT 'کد فعال‌سازی',
  `expired_at` timestamp NOT NULL DEFAULT current_timestamp() ON UPDATE current_timestamp() COMMENT 'تاریخ انقضای کد، به‌روزرسانی خودکار در هر آپدیت',
  `created_at` timestamp NULL DEFAULT NULL,
  `updated_at` timestamp NULL DEFAULT NULL
) ENGINE=InnoDB DEFAULT CHARSET=utf8mb4 COLLATE=utf8mb4_unicode_ci;

-- --------------------------------------------------------

--
-- Table structure for table `activity_logs`
--

CREATE TABLE `activity_logs` (
  `id` bigint(20) UNSIGNED NOT NULL COMMENT 'شناسه یکتا لاگ فعالیت',
  `user_id` bigint(20) UNSIGNED NOT NULL COMMENT 'شناسه کاربری که این نقش را ایجاد کرده',
  `activity_type` varchar(255) NOT NULL COMMENT 'نوع فعالیت (مثل ورود به سیستم، بروزرسانی، حذف، مشاهده و...)',
  `description` text DEFAULT NULL COMMENT 'توضیحات مربوط به فعالیت',
  `ip_address` varchar(255) DEFAULT NULL COMMENT 'آدرس IP کاربر که فعالیت را انجام داده',
  `browser` varchar(255) DEFAULT NULL COMMENT 'مرورگر کاربر',
  `device` varchar(255) DEFAULT NULL COMMENT 'نوع دستگاه کاربر (موبایل، دسکتاپ و...)',
  `activity_time` timestamp NOT NULL DEFAULT current_timestamp() COMMENT 'زمان انجام فعالیت',
  `created_at` timestamp NULL DEFAULT NULL,
  `updated_at` timestamp NULL DEFAULT NULL
) ENGINE=InnoDB DEFAULT CHARSET=utf8mb4 COLLATE=utf8mb4_unicode_ci;

-- --------------------------------------------------------

--
-- Table structure for table `cities`
--

CREATE TABLE `cities` (
  `id` bigint(20) UNSIGNED NOT NULL COMMENT 'شناسه یکتا',
  `title` varchar(255) NOT NULL COMMENT 'عنوان زیرمنو',
  `status` tinyint(1) NOT NULL DEFAULT 0 COMMENT 'وضعیت زیرمنو (فعال/غیرفعال)',
  `state_id` bigint(20) UNSIGNED NOT NULL COMMENT 'شناسه کاربری که این نقش را ایجاد کرده'
) ENGINE=InnoDB DEFAULT CHARSET=utf8mb4 COLLATE=utf8mb4_unicode_ci;

--
-- Dumping data for table `cities`
--

INSERT INTO `cities` (`id`, `title`, `status`, `state_id`) VALUES
(1, 'آذرشهر', 4, 1),
(2, 'تيمورلو', 4, 1),
(3, 'گوگان', 4, 1),
(4, 'ممقان', 4, 1),
(5, 'اسکو', 4, 1),
(6, 'ايلخچي', 4, 1),
(7, 'سهند', 4, 1),
(8, 'اهر', 4, 1),
(9, 'هوراند', 4, 1),
(10, 'بستان آباد', 4, 1),
(11, 'تيکمه داش', 4, 1),
(12, 'بناب', 4, 1),
(13, 'باسمنج', 4, 1),
(14, 'تبريز', 4, 1),
(15, 'خسروشاه', 4, 1),
(16, 'سردرود', 4, 1),
(17, 'جلفا', 4, 1),
(18, 'سيه رود', 4, 1),
(19, 'هاديشهر', 4, 1),
(20, 'قره آغاج', 4, 1),
(21, 'خمارلو', 4, 1),
(22, 'دوزدوزان', 4, 1),
(23, 'سراب', 4, 1),
(24, 'شربيان', 4, 1),
(25, 'مهربان', 4, 1),
(26, 'تسوج', 4, 1),
(27, 'خامنه', 4, 1),
(28, 'سيس', 4, 1),
(29, 'شبستر', 4, 1),
(30, 'شرفخانه', 4, 1),
(31, 'شندآباد', 4, 1),
(32, 'صوفيان', 4, 1),
(33, 'کوزه کنان', 4, 1),
(34, 'وايقان', 4, 1),
(35, 'جوان قلعه', 4, 1),
(36, 'عجب شير', 4, 1),
(37, 'آبش احمد', 4, 1),
(38, 'کليبر', 4, 1),
(39, 'خداجو[خراجو)', 4, 1),
(40, 'مراغه', 4, 1),
(41, 'بناب مرند', 4, 1),
(42, 'زنوز', 4, 1),
(43, 'کشکسراي', 4, 1),
(44, 'مرند', 4, 1),
(45, 'يامچي', 4, 1),
(46, 'ليلان', 4, 1),
(47, 'مبارک شهر', 4, 1),
(48, 'ملکان', 4, 1),
(49, 'آقکند', 4, 1),
(50, 'اچاچي', 4, 1),
(51, 'ترک', 4, 1),
(52, 'ترکمانچاي', 4, 1),
(53, 'ميانه', 4, 1),
(54, 'خاروانا', 4, 1),
(55, 'ورزقان', 4, 1),
(58, 'زرنق', 4, 1),
(59, 'کلوانق', 4, 1),
(60, 'هريس', 4, 1),
(61, 'نظرکهريزي', 4, 1),
(62, 'هشترود', 4, 1),
(63, 'اروميه', 4, 2),
(64, 'سرو', 4, 2),
(65, 'سيلوانه', 4, 2),
(66, 'قوشچي', 4, 2),
(67, 'نوشين', 4, 2),
(68, 'اشنويه', 4, 2),
(69, 'نالوس', 4, 2),
(70, 'بوکان', 4, 2),
(71, 'سيمينه', 4, 2),
(72, 'پلدشت', 4, 2),
(73, 'نازک عليا', 4, 2),
(74, 'پيرانشهر', 4, 2),
(75, 'گردکشانه', 4, 2),
(76, 'تکاب', 4, 2),
(77, 'آواجيق', 4, 2),
(78, 'سيه چشمه', 4, 2),
(79, 'قره ضياءالدين', 4, 2),
(80, 'ايواوغلي', 4, 2),
(81, 'خوي', 4, 2),
(82, 'ديزج ديز', 4, 2),
(83, 'زرآباد', 4, 2),
(84, 'فيرورق', 4, 2),
(85, 'قطور', 4, 2),
(86, 'ربط', 4, 2),
(87, 'سردشت', 4, 2),
(88, 'ميرآباد', 4, 2),
(89, 'تازه شهر', 4, 2),
(90, 'سلماس', 4, 2),
(91, 'شاهين دژ', 4, 2),
(92, 'کشاورز', 4, 2),
(93, 'محمودآباد', 4, 2),
(94, 'شوط', 4, 2),
(95, 'مرگنلر', 4, 2),
(96, 'بازرگان', 4, 2),
(97, 'ماکو', 4, 2),
(98, 'خليفان', 4, 2),
(99, 'مهاباد', 4, 2),
(100, 'باروق', 4, 2),
(101, 'چهاربرج', 4, 2),
(102, 'مياندوآب', 4, 2),
(103, 'محمديار', 4, 2),
(104, 'نقده', 4, 2),
(105, 'اردبيل', 4, 3),
(106, 'هير', 4, 3),
(107, 'بيله سوار', 4, 3),
(108, 'جعفرآباد', 4, 3),
(109, 'اسلام اباد', 4, 3),
(110, 'اصلاندوز', 4, 3),
(111, 'پارس آباد', 4, 3),
(112, 'تازه کند', 4, 3),
(113, 'خلخال', 4, 3),
(114, 'کلور', 4, 3),
(115, 'هشتجين', 4, 3),
(116, 'سرعين', 4, 3),
(117, 'گيوي', 4, 3),
(118, 'تازه کندانگوت', 4, 3),
(119, 'گرمي', 4, 3),
(120, 'رضي', 4, 3),
(121, 'فخراباد', 4, 3),
(122, 'قصابه', 4, 3),
(123, 'لاهرود', 4, 3),
(124, 'مرادلو', 4, 3),
(125, 'مشگين شهر', 4, 3),
(126, 'آبي بيگلو', 4, 3),
(127, 'عنبران', 4, 3),
(128, 'نمين', 4, 3),
(129, 'کوراييم', 4, 3),
(130, 'نير', 4, 3),
(131, 'آران وبيدگل', 4, 4),
(132, 'ابوزيدآباد', 4, 4),
(133, 'سفيدشهر', 4, 4),
(134, 'نوش آباد', 4, 4),
(135, 'اردستان', 4, 4),
(136, 'زواره', 4, 4),
(137, 'مهاباد', 4, 4),
(138, 'اژيه', 4, 4),
(139, 'اصفهان', 4, 4),
(140, 'بهارستان', 4, 4),
(141, 'تودشک', 4, 4),
(142, 'حسن اباد', 4, 4),
(143, 'زيار', 4, 4),
(144, 'سجزي', 4, 4),
(145, 'قهجاورستان', 4, 4),
(146, 'کوهپايه', 4, 4),
(147, 'محمدآباد', 4, 4),
(148, 'نصرآباد', 4, 4),
(149, 'نيک آباد', 4, 4),
(150, 'ورزنه', 4, 4),
(151, 'هرند', 4, 4),
(152, 'حبيب آباد', 4, 4),
(153, 'خورزوق', 4, 4),
(154, 'دستگرد', 4, 4),
(155, 'دولت آباد', 4, 4),
(156, 'سين', 4, 4),
(157, 'شاپورآباد', 4, 4),
(158, 'کمشچه', 4, 4),
(159, 'افوس', 4, 4),
(160, 'بويين ومياندشت', 4, 4),
(161, 'تيران', 4, 4),
(162, 'رضوانشهر', 4, 4),
(163, 'عسگران', 4, 4),
(164, 'چادگان', 4, 4),
(165, 'رزوه', 4, 4),
(166, 'اصغرآباد', 4, 4),
(167, 'خميني شهر', 4, 4),
(168, 'درچه', 4, 4),
(169, 'کوشک', 4, 4),
(170, 'خوانسار', 4, 4),
(171, 'جندق', 4, 4),
(172, 'خور', 4, 4),
(173, 'فرخي', 4, 4),
(174, 'دهاقان', 4, 4),
(175, 'گلشن', 4, 4),
(176, 'حنا', 4, 4),
(177, 'سميرم', 4, 4),
(178, 'کمه', 4, 4),
(179, 'ونک', 4, 4),
(180, 'شاهين شهر', 4, 4),
(181, 'گرگاب', 4, 4),
(182, 'گزبرخوار', 4, 4),
(183, 'لاي بيد', 4, 4),
(184, 'ميمه', 4, 4),
(185, 'وزوان', 4, 4),
(186, 'شهرضا', 4, 4),
(187, 'منظريه', 4, 4),
(188, 'داران', 4, 4),
(189, 'دامنه', 4, 4),
(190, 'برف انبار', 4, 4),
(191, 'فريدونشهر', 4, 4),
(192, 'ابريشم', 4, 4),
(193, 'ايمانشهر', 4, 4),
(194, 'بهاران شهر', 4, 4),
(195, 'پيربکران', 4, 4),
(196, 'زازران', 4, 4),
(197, 'فلاورجان', 4, 4),
(198, 'قهدريجان', 4, 4),
(199, 'کليشادوسودرجان', 4, 4),
(200, 'برزک', 4, 4),
(201, 'جوشقان قالي', 4, 4),
(202, 'قمصر', 4, 4),
(203, 'کاشان', 4, 4),
(204, 'کامو و چوگان', 4, 4),
(205, 'مشکات', 4, 4),
(206, 'نياسر', 4, 4),
(207, 'گلپايگان', 4, 4),
(208, 'گلشهر', 4, 4),
(209, 'گوگد', 4, 4),
(210, 'باغ بهادران', 4, 4),
(211, 'باغشاد', 4, 4),
(212, 'چرمهين', 4, 4),
(213, 'چمگردان', 4, 4),
(214, 'زاينده رود', 4, 4),
(215, 'زرين شهر', 4, 4),
(216, 'سده لنجان', 4, 4),
(217, 'فولادشهر', 4, 4),
(218, 'ورنامخواست', 4, 4),
(219, 'ديزيچه', 4, 4),
(220, 'زيباشهر', 4, 4),
(221, 'طالخونچه', 4, 4),
(222, 'کرکوند', 4, 4),
(223, 'مبارکه', 4, 4),
(224, 'مجلسي', 4, 4),
(225, 'انارک', 4, 4),
(226, 'بافران', 4, 4),
(227, 'نايين', 4, 4),
(228, 'جوزدان', 4, 4),
(229, 'دهق', 4, 4),
(230, 'علويجه', 4, 4),
(231, 'کهريزسنگ', 4, 4),
(232, 'گلدشت', 4, 4),
(233, 'نجف آباد', 4, 4),
(234, 'بادرود', 4, 4),
(235, 'خالدآباد', 4, 4),
(236, 'طرق رود', 4, 4),
(237, 'نطنز', 4, 4),
(238, 'اشتهارد', 4, 5),
(239, 'چهارباغ', 4, 5),
(240, 'شهرجديدهشتگرد', 4, 5),
(241, 'کوهسار', 4, 5),
(242, 'گلسار', 4, 5),
(243, 'هشتگرد', 4, 5),
(244, 'طالقان', 4, 5),
(245, 'فرديس', 4, 5),
(246, 'مشکين دشت', 4, 5),
(247, 'آسارا', 4, 5),
(248, 'کرج', 4, 5),
(249, 'کمال شهر', 4, 5),
(250, 'گرمدره', 4, 5),
(251, 'ماهدشت', 4, 5),
(252, 'محمدشهر', 4, 5),
(253, 'تنکمان', 4, 5),
(254, 'نظرآباد', 4, 5),
(255, 'آبدانان', 4, 6),
(256, 'سراب باغ', 4, 6),
(257, 'مورموري', 4, 6),
(258, 'ايلام', 4, 6),
(259, 'چوار', 4, 6),
(260, 'ايوان', 4, 6),
(261, 'زرنه', 4, 6),
(262, 'بدره', 4, 6),
(263, 'آسمان آباد', 4, 6),
(264, 'بلاوه', 4, 6),
(265, 'توحيد', 4, 6),
(266, 'سرابله', 4, 6),
(267, 'شباب', 4, 6),
(268, 'دره شهر', 4, 6),
(269, 'ماژين', 4, 6),
(270, 'پهله', 4, 6),
(271, 'دهلران', 4, 6),
(272, 'موسيان', 4, 6),
(273, 'ميمه', 4, 6),
(274, 'لومار', 4, 6),
(275, 'ارکواز', 4, 6),
(276, 'دلگشا', 4, 6),
(277, 'مهر', 4, 6),
(278, 'صالح آباد', 4, 6),
(279, 'مهران', 4, 6),
(280, 'بوشهر', 4, 7),
(281, 'چغادک', 4, 7),
(282, 'خارک', 4, 7),
(283, 'عالي شهر', 4, 7),
(284, 'آباد', 4, 7),
(285, 'اهرم', 4, 7),
(286, 'دلوار', 4, 7),
(287, 'انارستان', 4, 7),
(288, 'جم', 4, 7),
(289, 'ريز', 4, 7),
(290, 'آب پخش', 4, 7),
(291, 'برازجان', 4, 7),
(292, 'بوشکان', 4, 7),
(293, 'تنگ ارم', 4, 7),
(294, 'دالکي', 4, 7),
(295, 'سعد آباد', 4, 7),
(296, 'شبانکاره', 4, 7),
(297, 'کلمه', 4, 7),
(298, 'وحدتيه', 4, 7),
(299, 'بادوله', 4, 7),
(300, 'خورموج', 4, 7),
(301, 'شنبه', 4, 7),
(302, 'کاکي', 4, 7),
(303, 'آبدان', 4, 7),
(304, 'بردخون', 4, 7),
(305, 'بردستان', 4, 7),
(306, 'بندردير', 4, 7),
(307, 'دوراهک', 4, 7),
(308, 'امام حسن', 4, 7),
(309, 'بندرديلم', 4, 7),
(310, 'عسلويه', 4, 7),
(311, 'نخل تقي', 4, 7),
(312, 'بندرکنگان', 4, 7),
(313, 'بنک', 4, 7),
(314, 'سيراف', 4, 7),
(315, 'بندرريگ', 4, 7),
(316, 'بندرگناوه', 4, 7),
(317, 'احمد آباد مستوفي', 4, 8),
(318, 'اسلامشهر', 4, 8),
(319, 'چهاردانگه', 4, 8),
(320, 'صالحيه', 4, 8),
(321, 'گلستان', 4, 8),
(322, 'نسيم شهر', 4, 8),
(323, 'پاکدشت', 4, 8),
(324, 'شريف آباد', 4, 8),
(325, 'فرون اباد', 4, 8),
(326, 'بومهن', 4, 8),
(327, 'پرديس', 4, 8),
(328, 'پيشوا', 4, 8),
(329, 'تهران', 4, 8),
(330, 'آبسرد', 4, 8),
(331, 'آبعلي', 4, 8),
(332, 'دماوند', 4, 8),
(333, 'رودهن', 4, 8),
(334, 'کيلان', 4, 8),
(335, 'پرند', 4, 8),
(336, 'رباطکريم', 4, 8),
(337, 'نصيرشهر', 4, 8),
(338, 'باقرشهر', 4, 8),
(339, 'حسن آباد', 4, 8),
(340, 'شهرري', 4, 8),
(341, 'کهريزک', 4, 8),
(342, 'تجريش', 4, 8),
(343, 'شمشک', 4, 8),
(344, 'فشم', 4, 8),
(345, 'لواسان', 4, 8),
(346, 'انديشه', 4, 8),
(347, 'باغستان', 4, 8),
(348, 'شاهدشهر', 4, 8),
(349, 'شهريار', 4, 8),
(350, 'صباشهر', 4, 8),
(351, 'فردوسيه', 4, 8),
(352, 'وحيديه', 4, 8),
(353, 'ارجمند', 4, 8),
(354, 'فيروزکوه', 4, 8),
(355, 'قدس', 4, 8),
(356, 'قرچک', 4, 8),
(357, 'صفادشت', 4, 8),
(358, 'ملارد', 4, 8),
(359, 'جوادآباد', 4, 8),
(360, 'ورامين', 4, 8),
(361, 'اردل', 4, 9),
(362, 'دشتک', 4, 9),
(363, 'سرخون', 4, 9),
(364, 'کاج', 4, 9),
(365, 'بروجن', 4, 9),
(366, 'بلداجي', 4, 9),
(367, 'سفيددشت', 4, 9),
(368, 'فرادبنه', 4, 9),
(369, 'گندمان', 4, 9),
(370, 'نقنه', 4, 9),
(371, 'بن', 4, 9),
(372, 'وردنجان', 4, 9),
(373, 'سامان', 4, 9),
(374, 'سودجان', 4, 9),
(375, 'سورشجان', 4, 9),
(376, 'شهرکرد', 4, 9),
(377, 'طاقانک', 4, 9),
(378, 'فرخ شهر', 4, 9),
(379, 'کيان', 4, 9),
(380, 'نافچ', 4, 9),
(381, 'هاروني', 4, 9),
(382, 'هفشجان', 4, 9),
(383, 'باباحيدر', 4, 9),
(384, 'پردنجان', 4, 9),
(385, 'جونقان', 4, 9),
(386, 'چليچه', 4, 9),
(387, 'فارسان', 4, 9),
(388, 'گوجان', 4, 9),
(389, 'بازفت', 4, 9),
(390, 'چلگرد', 4, 9),
(391, 'صمصامي', 4, 9),
(392, 'دستنا', 4, 9),
(393, 'شلمزار', 4, 9),
(394, 'گهرو', 4, 9),
(395, 'ناغان', 4, 9),
(396, 'آلوني', 4, 9),
(397, 'سردشت', 4, 9),
(398, 'لردگان', 4, 9),
(399, 'مال خليفه', 4, 9),
(400, 'منج', 4, 9),
(401, 'ارسک', 4, 10),
(402, 'بشرويه', 4, 10),
(403, 'بيرجند', 4, 10),
(404, 'خوسف', 4, 10),
(405, 'محمدشهر', 4, 10),
(406, 'اسديه', 4, 10),
(407, 'طبس مسينا', 4, 10),
(408, 'قهستان', 4, 10),
(409, 'گزيک', 4, 10),
(410, 'حاجي آباد', 4, 10),
(411, 'زهان', 4, 10),
(412, 'آيسک', 4, 10),
(413, 'سرايان', 4, 10),
(414, 'سه قلعه', 4, 10),
(415, 'سربيشه', 4, 10),
(416, 'مود', 4, 10),
(417, 'ديهوک', 4, 10),
(418, 'طبس', 4, 10),
(419, 'عشق آباد', 4, 10),
(420, 'اسلاميه', 4, 10),
(421, 'فردوس', 4, 10),
(422, 'آرين شهر', 4, 10),
(423, 'اسفدن', 4, 10),
(424, 'خضري دشت بياض', 4, 10),
(425, 'قاين', 4, 10),
(426, 'نيمبلوک', 4, 10),
(427, 'شوسف', 4, 10),
(428, 'نهبندان', 4, 10),
(429, 'باخرز', 4, 11),
(430, 'بجستان', 4, 11),
(431, 'يونسي', 4, 11),
(432, 'انابد', 4, 11),
(433, 'بردسکن', 4, 11),
(434, 'شهراباد', 4, 11),
(435, 'شانديز', 4, 11),
(436, 'طرقبه', 4, 11),
(437, 'تايباد', 4, 11),
(438, 'کاريز', 4, 11),
(439, 'مشهدريزه', 4, 11),
(440, 'احمدابادصولت', 4, 11),
(441, 'تربت جام', 4, 11),
(442, 'صالح آباد', 4, 11),
(443, 'نصرآباد', 4, 11),
(444, 'نيل شهر', 4, 11),
(445, 'بايک', 4, 11),
(446, 'تربت حيدريه', 4, 11),
(447, 'رباط سنگ', 4, 11),
(448, 'کدکن', 4, 11),
(449, 'جغتاي', 4, 11),
(450, 'نقاب', 4, 11),
(451, 'چناران', 4, 11),
(452, 'گلبهار', 4, 11),
(453, 'گلمکان', 4, 11),
(454, 'خليل آباد', 4, 11),
(455, 'کندر', 4, 11),
(456, 'خواف', 4, 11),
(457, 'سلامي', 4, 11),
(458, 'سنگان', 4, 11),
(459, 'قاسم آباد', 4, 11),
(460, 'نشتيفان', 4, 11),
(461, 'سلطان آباد', 4, 11),
(462, 'داورزن', 4, 11),
(463, 'چاپشلو', 4, 11),
(464, 'درگز', 4, 11),
(465, 'لطف آباد', 4, 11),
(466, 'نوخندان', 4, 11),
(467, 'جنگل', 4, 11),
(468, 'رشتخوار', 4, 11),
(469, 'دولت آباد', 4, 11),
(470, 'روداب', 4, 11),
(471, 'سبزوار', 4, 11),
(472, 'ششتمد', 4, 11),
(473, 'سرخس', 4, 11),
(474, 'مزدآوند', 4, 11),
(475, 'سفيدسنگ', 4, 11),
(476, 'فرهادگرد', 4, 11),
(477, 'فريمان', 4, 11),
(478, 'قلندرآباد', 4, 11),
(479, 'فيروزه', 4, 11),
(480, 'همت آباد', 4, 11),
(481, 'باجگيران', 4, 11),
(482, 'قوچان', 4, 11),
(483, 'ريوش', 4, 11),
(484, 'کاشمر', 4, 11),
(485, 'شهرزو', 4, 11),
(486, 'کلات', 4, 11),
(487, 'بيدخت', 4, 11),
(488, 'کاخک', 4, 11),
(489, 'گناباد', 4, 11),
(490, 'رضويه', 4, 11),
(491, 'مشهد', 4, 11),
(492, 'مشهد ثامن', 4, 11),
(493, 'ملک آباد', 4, 11),
(494, 'شادمهر', 4, 11),
(495, 'فيض آباد', 4, 11),
(496, 'بار', 4, 11),
(497, 'چکنه', 4, 11),
(498, 'خرو', 4, 11),
(499, 'درود', 4, 11),
(500, 'عشق آباد', 4, 11),
(501, 'قدمگاه', 4, 11),
(502, 'نيشابور', 4, 11),
(503, 'اسفراين', 4, 12),
(504, 'صفي آباد', 4, 12),
(505, 'بجنورد', 4, 12),
(506, 'چناران شهر', 4, 12),
(507, 'حصارگرمخان', 4, 12),
(508, 'جاجرم', 4, 12),
(509, 'سنخواست', 4, 12),
(510, 'شوقان', 4, 12),
(511, 'راز', 4, 12),
(514, 'قوشخانه', 4, 12),
(515, 'لوجلي', 4, 12),
(516, 'تيتکانلو', 4, 12),
(517, 'فاروج', 4, 12),
(518, 'ايور', 4, 12),
(519, 'درق', 4, 12),
(520, 'گرمه', 4, 12),
(521, 'آشخانه', 4, 12),
(522, 'آوا', 4, 12),
(523, 'پيش قلعه', 4, 12),
(524, 'قاضي', 4, 12),
(525, 'آبادان', 4, 13),
(526, 'اروندکنار', 4, 13),
(527, 'چويبده', 4, 13),
(528, 'آغاجاري', 4, 13),
(529, 'اميديه', 4, 13),
(530, 'جايزان', 4, 13),
(531, 'آبژدان', 4, 13),
(532, 'قلعه خواجه', 4, 13),
(533, 'آزادي', 4, 13),
(534, 'انديمشک', 4, 13),
(535, 'بيدروبه', 4, 13),
(536, 'چم گلک', 4, 13),
(537, 'حسينيه', 4, 13),
(538, 'الهايي', 4, 13),
(539, 'اهواز', 4, 13),
(540, 'ايذه', 4, 13),
(541, 'دهدز', 4, 13),
(542, 'باغ ملک', 4, 13),
(543, 'صيدون', 4, 13),
(544, 'قلعه تل', 4, 13),
(545, 'ميداود', 4, 13),
(546, 'شيبان', 4, 13),
(547, 'ملاثاني', 4, 13),
(548, 'ويس', 4, 13),
(549, 'بندرامام خميني', 4, 13),
(550, 'بندرماهشهر', 4, 13),
(551, 'چمران', 4, 13),
(552, 'بهبهان', 4, 13),
(553, 'تشان', 4, 13),
(554, 'سردشت', 4, 13),
(555, 'منصوريه', 4, 13),
(556, 'حميديه', 4, 13),
(557, 'خرمشهر', 4, 13),
(558, 'مقاومت', 4, 13),
(559, 'مينوشهر', 4, 13),
(560, 'چغاميش', 4, 13),
(561, 'حمزه', 4, 13),
(562, 'دزفول', 4, 13),
(563, 'سالند', 4, 13),
(564, 'سياه منصور', 4, 13),
(565, 'شمس آباد', 4, 13),
(566, 'شهر امام', 4, 13),
(567, 'صفي آباد', 4, 13),
(568, 'ميانرود', 4, 13),
(569, 'ابوحميظه', 4, 13),
(570, 'بستان', 4, 13),
(571, 'سوسنگرد', 4, 13),
(572, 'کوت سيدنعيم', 4, 13),
(573, 'رامشير', 4, 13),
(574, 'مشراگه', 4, 13),
(575, 'رامهرمز', 4, 13),
(576, 'خنافره', 4, 13),
(577, 'دارخوين', 4, 13),
(578, 'شادگان', 4, 13),
(579, 'الوان', 4, 13),
(580, 'حر', 4, 13),
(581, 'شاوور', 4, 13),
(582, 'شوش', 4, 13),
(583, 'فتح المبين', 4, 13),
(584, 'سرداران', 4, 13),
(585, 'شرافت', 4, 13),
(586, 'شوشتر', 4, 13),
(587, 'گوريه', 4, 13),
(588, 'کوت عبداله', 4, 13),
(589, 'ترکالکي', 4, 13),
(590, 'جنت مکان', 4, 13),
(591, 'سماله', 4, 13),
(592, 'صالح شهر', 4, 13),
(593, 'گتوند', 4, 13),
(594, 'لالي', 4, 13),
(595, 'گلگير', 4, 13),
(596, 'مسجدسليمان', 4, 13),
(597, 'هفتگل', 4, 13),
(598, 'زهره', 4, 13),
(599, 'هنديجان', 4, 13),
(600, 'رفيع', 4, 13),
(601, 'هويزه', 4, 13),
(602, 'ابهر', 4, 14),
(603, 'صايين قلعه', 4, 14),
(604, 'هيدج', 4, 14),
(605, 'حلب', 4, 14),
(606, 'زرين آباد', 4, 14),
(607, 'زرين رود', 4, 14),
(608, 'سجاس', 4, 14),
(609, 'سهرورد', 4, 14),
(610, 'قيدار', 4, 14),
(611, 'کرسف', 4, 14),
(612, 'گرماب', 4, 14),
(613, 'نوربهار', 4, 14),
(614, 'خرمدره', 4, 14),
(615, 'ارمغانخانه', 4, 14),
(616, 'زنجان', 4, 14),
(617, 'نيک پي', 4, 14),
(618, 'سلطانيه', 4, 14),
(619, 'آب بر', 4, 14),
(620, 'چورزق', 4, 14),
(621, 'دندي', 4, 14),
(622, 'ماه نشان', 4, 14),
(623, 'آرادان', 4, 15),
(624, 'کهن آباد', 4, 15),
(625, 'اميريه', 4, 15),
(626, 'دامغان', 4, 15),
(627, 'ديباج', 4, 15),
(628, 'کلاته', 4, 15),
(629, 'سرخه', 4, 15),
(630, 'سمنان', 4, 15),
(631, 'بسطام', 4, 15),
(632, 'بيارجمند', 4, 15),
(633, 'روديان', 4, 15),
(634, 'شاهرود', 4, 15),
(635, 'کلاته خيج', 4, 15),
(636, 'مجن', 4, 15),
(637, 'ايوانکي', 4, 15),
(638, 'گرمسار', 4, 15),
(639, 'درجزين', 4, 15),
(640, 'شهميرزاد', 4, 15),
(641, 'مهدي شهر', 4, 15),
(642, 'ميامي', 4, 15),
(643, 'ايرانشهر', 4, 16),
(644, 'بزمان', 4, 16),
(645, 'بمپور', 4, 16),
(646, 'محمدان', 4, 16),
(647, 'چابهار', 4, 16),
(648, 'نگور', 4, 16),
(649, 'خاش', 4, 16),
(650, 'نوک آباد', 4, 16),
(651, 'گلمورتي', 4, 16),
(652, 'بنجار', 4, 16),
(653, 'زابل', 4, 16),
(654, 'زاهدان', 4, 16),
(655, 'نصرت آباد', 4, 16),
(656, 'زهک', 4, 16),
(657, 'جالق', 4, 16),
(658, 'سراوان', 4, 16),
(659, 'سيرکان', 4, 16),
(660, 'گشت', 4, 16),
(661, 'محمدي', 4, 16),
(662, 'پيشين', 4, 16),
(663, 'راسک', 4, 16),
(664, 'سرباز', 4, 16),
(665, 'سوران', 4, 16),
(666, 'هيدوچ', 4, 16),
(667, 'فنوج', 4, 16),
(668, 'قصرقند', 4, 16),
(669, 'زرآباد', 4, 16),
(670, 'کنارک', 4, 16),
(671, 'مهرستان', 4, 16),
(672, 'ميرجاوه', 4, 16),
(673, 'اسپکه', 4, 16),
(674, 'بنت', 4, 16),
(675, 'نيک شهر', 4, 16),
(676, 'اديمي', 4, 16),
(677, 'شهرک علي اکبر', 4, 16),
(678, 'محمدآباد', 4, 16),
(679, 'دوست محمد', 4, 16),
(680, 'آباده', 4, 17),
(681, 'ايزدخواست', 4, 17),
(682, 'بهمن', 4, 17),
(683, 'سورمق', 4, 17),
(684, 'صغاد', 4, 17),
(685, 'ارسنجان', 4, 17),
(686, 'استهبان', 4, 17),
(687, 'ايج', 4, 17),
(688, 'رونيز', 4, 17),
(689, 'اقليد', 4, 17),
(690, 'حسن اباد', 4, 17),
(691, 'دژکرد', 4, 17),
(692, 'سده', 4, 17),
(693, 'بوانات', 4, 17),
(694, 'حسامي', 4, 17),
(695, 'کره اي', 4, 17),
(696, 'مزايجان', 4, 17),
(697, 'سعادت شهر', 4, 17),
(698, 'مادرسليمان', 4, 17),
(699, 'باب انار', 4, 17),
(700, 'جهرم', 4, 17),
(701, 'خاوران', 4, 17),
(702, 'دوزه', 4, 17),
(703, 'قطب آباد', 4, 17),
(704, 'خرامه', 4, 17),
(705, 'سلطان شهر', 4, 17),
(706, 'صفاشهر', 4, 17),
(707, 'قادراباد', 4, 17),
(708, 'خنج', 4, 17),
(709, 'جنت شهر', 4, 17),
(710, 'داراب', 4, 17),
(711, 'دوبرجي', 4, 17),
(712, 'فدامي', 4, 17),
(713, 'کوپن', 4, 17),
(714, 'مصيري', 4, 17),
(715, 'حاجي آباد', 4, 17),
(716, 'دبيران', 4, 17),
(717, 'شهرپير', 4, 17),
(718, 'اردکان', 4, 17),
(719, 'بيضا', 4, 17),
(720, 'هماشهر', 4, 17),
(721, 'سروستان', 4, 17),
(722, 'کوهنجان', 4, 17),
(723, 'خانه زنيان', 4, 17),
(724, 'داريان', 4, 17),
(725, 'زرقان', 4, 17),
(726, 'شهرصدرا', 4, 17),
(727, 'شيراز', 4, 17),
(728, 'لپويي', 4, 17),
(729, 'دهرم', 4, 17),
(730, 'فراشبند', 4, 17),
(731, 'نوجين', 4, 17),
(732, 'زاهدشهر', 4, 17),
(733, 'ششده', 4, 17),
(734, 'فسا', 4, 17),
(735, 'قره بلاغ', 4, 17),
(736, 'ميانشهر', 4, 17),
(737, 'نوبندگان', 4, 17),
(738, 'فيروزآباد', 4, 17),
(739, 'ميمند', 4, 17),
(740, 'افزر', 4, 17),
(741, 'امام شهر', 4, 17),
(742, 'قير', 4, 17),
(743, 'کارزين [فتح آباد)', 4, 17),
(744, 'مبارک آبادديز', 4, 17),
(745, 'بالاده', 4, 17),
(746, 'خشت', 4, 17),
(747, 'قايميه', 4, 17),
(748, 'کازرون', 4, 17),
(749, 'کنارتخته', 4, 17),
(750, 'نودان', 4, 17),
(751, 'کوار', 4, 17),
(752, 'گراش', 4, 17),
(753, 'اوز', 4, 17),
(754, 'بنارويه', 4, 17),
(755, 'بيرم', 4, 17),
(756, 'جويم', 4, 17),
(757, 'خور', 4, 17),
(758, 'عمادده', 4, 17),
(759, 'لار', 4, 17),
(760, 'لطيفي', 4, 17),
(761, 'اشکنان', 4, 17),
(762, 'اهل', 4, 17),
(763, 'علامرودشت', 4, 17),
(764, 'لامرد', 4, 17),
(765, 'خانيمن', 4, 17),
(766, 'رامجرد', 4, 17),
(767, 'سيدان', 4, 17),
(768, 'کامفيروز', 4, 17),
(769, 'مرودشت', 4, 17),
(770, 'بابامنير', 4, 17),
(771, 'خومه زار', 4, 17),
(772, 'نورآباد', 4, 17),
(773, 'اسير', 4, 17),
(774, 'خوزي', 4, 17),
(775, 'گله دار', 4, 17),
(776, 'مهر', 4, 17),
(777, 'وراوي', 4, 17),
(778, 'آباده طشک', 4, 17),
(779, 'قطرويه', 4, 17),
(780, 'مشکان', 4, 17),
(781, 'ني ريز', 4, 17),
(782, 'آبيک', 4, 18),
(783, 'خاکعلي', 4, 18),
(784, 'آبگرم', 4, 18),
(785, 'آوج', 4, 18),
(786, 'الوند', 4, 18),
(787, 'بيدستان', 4, 18),
(788, 'شريفيه', 4, 18),
(789, 'محمديه', 4, 18),
(790, 'ارداق', 4, 18),
(791, 'بويين زهرا', 4, 18),
(792, 'دانسفهان', 4, 18),
(793, 'سگزآباد', 4, 18),
(794, 'شال', 4, 18),
(795, 'اسفرورين', 4, 18),
(796, 'تاکستان', 4, 18),
(797, 'خرمدشت', 4, 18),
(798, 'ضياڈآباد', 4, 18),
(799, 'نرجه', 4, 18),
(800, 'اقباليه', 4, 18),
(801, 'رازميان', 4, 18),
(802, 'سيردان', 4, 18),
(803, 'قزوين', 4, 18),
(804, 'کوهين', 4, 18),
(805, 'محمودآبادنمونه', 4, 18),
(806, 'معلم کلايه', 4, 18),
(807, 'جعفريه', 4, 19),
(808, 'دستجرد', 4, 19),
(809, 'سلفچگان', 4, 19),
(810, 'قم', 4, 19),
(811, 'قنوات', 4, 19),
(812, 'کهک', 4, 19),
(813, 'آرمرده', 4, 20),
(814, 'بانه', 4, 20),
(815, 'بويين سفلي', 4, 20),
(816, 'کاني سور', 4, 20),
(817, 'بابارشاني', 4, 20),
(818, 'بيجار', 4, 20),
(819, 'پيرتاج', 4, 20),
(820, 'توپ آغاج', 4, 20),
(821, 'ياسوکند', 4, 20),
(822, 'بلبان آباد', 4, 20),
(823, 'دهگلان', 4, 20),
(824, 'ديواندره', 4, 20),
(825, 'زرينه', 4, 20),
(826, 'اورامان تخت', 4, 20),
(827, 'سروآباد', 4, 20),
(828, 'سقز', 4, 20),
(829, 'صاحب', 4, 20),
(830, 'سنندج', 4, 20),
(831, 'شويشه', 4, 20),
(832, 'دزج', 4, 20),
(833, 'دلبران', 4, 20),
(834, 'سريش آباد', 4, 20),
(835, 'قروه', 4, 20),
(836, 'کامياران', 4, 20),
(837, 'موچش', 4, 20),
(838, 'برده رشه', 4, 20),
(839, 'چناره', 4, 20),
(840, 'کاني دينار', 4, 20),
(841, 'مريوان', 4, 20),
(842, 'ارزوييه', 4, 21),
(843, 'امين شهر', 4, 21),
(844, 'انار', 4, 21),
(845, 'بافت', 4, 21),
(846, 'بزنجان', 4, 21),
(847, 'بردسير', 4, 21),
(848, 'دشتکار', 4, 21),
(849, 'گلزار', 4, 21),
(850, 'لاله زار', 4, 21),
(851, 'نگار', 4, 21),
(852, 'بروات', 4, 21),
(853, 'بم', 4, 21),
(854, 'بلوک', 4, 21),
(855, 'جبالبارز', 4, 21),
(856, 'جيرفت', 4, 21),
(857, 'درب بهشت', 4, 21),
(858, 'رابر', 4, 21),
(859, 'هنزا', 4, 21),
(860, 'راور', 4, 21),
(861, 'هجدک', 4, 21),
(862, 'بهرمان', 4, 21),
(863, 'رفسنجان', 4, 21),
(864, 'صفاييه', 4, 21),
(865, 'کشکوييه', 4, 21),
(866, 'مس سرچشمه', 4, 21),
(867, 'رودبار', 4, 21),
(868, 'زهکلوت', 4, 21),
(869, 'گنبکي', 4, 21),
(870, 'محمدآباد', 4, 21),
(871, 'خانوک', 4, 21),
(872, 'ريحان', 4, 21),
(873, 'زرند', 4, 21),
(874, 'يزدان شهر', 4, 21),
(875, 'بلورد', 4, 21),
(876, 'پاريز', 4, 21),
(877, 'خواجو شهر', 4, 21),
(878, 'زيدآباد', 4, 21),
(879, 'سيرجان', 4, 21),
(880, 'نجف شهر', 4, 21),
(881, 'هماشهر', 4, 21),
(882, 'جوزم', 4, 21),
(883, 'خاتون اباد', 4, 21),
(884, 'خورسند', 4, 21),
(885, 'دهج', 4, 21),
(886, 'شهربابک', 4, 21),
(887, 'دوساري', 4, 21),
(888, 'عنبرآباد', 4, 21),
(889, 'مردهک', 4, 21),
(890, 'فارياب', 4, 21),
(891, 'فهرج', 4, 21),
(892, 'قلعه گنج', 4, 21),
(893, 'اختيارآباد', 4, 21),
(894, 'اندوهجرد', 4, 21),
(895, 'باغين', 4, 21),
(896, 'جوپار', 4, 21),
(897, 'چترود', 4, 21),
(898, 'راين', 4, 21),
(899, 'زنگي آباد', 4, 21),
(900, 'شهداد', 4, 21),
(901, 'کاظم آباد', 4, 21),
(902, 'کرمان', 4, 21),
(903, 'گلباف', 4, 21),
(904, 'ماهان', 4, 21),
(905, 'محي آباد', 4, 21),
(906, 'کوهبنان', 4, 21),
(907, 'کيانشهر', 4, 21),
(908, 'کهنوج', 4, 21),
(909, 'منوجان', 4, 21),
(910, 'نودژ', 4, 21),
(911, 'نرماشير', 4, 21),
(912, 'نظام شهر', 4, 21),
(913, 'اسلام آبادغرب', 4, 22),
(914, 'حميل', 4, 22),
(915, 'بانوره', 4, 22),
(916, 'باينگان', 4, 22),
(917, 'پاوه', 4, 22),
(918, 'نودشه', 4, 22),
(919, 'نوسود', 4, 22),
(920, 'ازگله', 4, 22),
(921, 'تازه آباد', 4, 22),
(922, 'جوانرود', 4, 22),
(923, 'ريجاب', 4, 22),
(924, 'کرند', 4, 22),
(925, 'گهواره', 4, 22),
(926, 'روانسر', 4, 22),
(927, 'شاهو', 4, 22),
(928, 'سرپل ذهاب', 4, 22),
(929, 'سطر', 4, 22),
(930, 'سنقر', 4, 22),
(931, 'صحنه', 4, 22),
(932, 'ميان راهان', 4, 22),
(933, 'سومار', 4, 22),
(934, 'قصرشيرين', 4, 22),
(935, 'رباط', 4, 22),
(936, 'کرمانشاه', 4, 22),
(937, 'کوزران', 4, 22),
(938, 'هلشي', 4, 22),
(939, 'کنگاور', 4, 22),
(940, 'گودين', 4, 22),
(941, 'سرمست', 4, 22),
(942, 'گيلانغرب', 4, 22),
(943, 'بيستون', 4, 22),
(944, 'هرسين', 4, 22),
(945, 'باشت', 4, 23),
(946, 'چيتاب', 4, 23),
(947, 'گراب سفلي', 4, 23),
(948, 'مادوان', 4, 23),
(949, 'مارگون', 4, 23),
(950, 'ياسوج', 4, 23),
(951, 'ليکک', 4, 23),
(952, 'چرام', 4, 23),
(953, 'سرفارياب', 4, 23),
(954, 'پاتاوه', 4, 23),
(955, 'سي سخت', 4, 23),
(956, 'دهدشت', 4, 23),
(957, 'ديشموک', 4, 23),
(958, 'سوق', 4, 23),
(959, 'قلعه رييسي', 4, 23),
(960, 'دوگنبدان', 4, 23),
(961, 'لنده', 4, 23),
(962, 'آزادشهر', 4, 24),
(963, 'نگين شهر', 4, 24),
(964, 'نوده خاندوز', 4, 24),
(965, 'آق قلا', 4, 24),
(966, 'انبارآلوم', 4, 24),
(967, 'بندرگز', 4, 24),
(968, 'نوکنده', 4, 24),
(969, 'بندرترکمن', 4, 24),
(970, 'تاتارعليا', 4, 24),
(971, 'خان ببين', 4, 24),
(972, 'دلند', 4, 24),
(973, 'راميان', 4, 24),
(974, 'سنگدوين', 4, 24),
(975, 'علي اباد', 4, 24),
(976, 'فاضل آباد', 4, 24),
(977, 'مزرعه', 4, 24),
(978, 'کردکوي', 4, 24),
(979, 'فراغي', 4, 24),
(980, 'کلاله', 4, 24),
(981, 'گاليکش', 4, 24),
(982, 'جلين', 4, 24),
(983, 'سرخنکلاته', 4, 24),
(984, 'گرگان', 4, 24),
(985, 'سيمين شهر', 4, 24),
(986, 'گميش تپه', 4, 24),
(987, 'اينچه برون', 4, 24),
(988, 'گنبدکاووس', 4, 24),
(989, 'مراوه', 4, 24),
(990, 'مينودشت', 4, 24),
(991, 'آستارا', 4, 25),
(992, 'لوندويل', 4, 25),
(993, 'آستانه اشرفيه', 4, 25),
(994, 'کياشهر', 4, 25),
(995, 'املش', 4, 25),
(996, 'رانکوه', 4, 25),
(997, 'بندرانزلي', 4, 25),
(998, 'خشکبيجار', 4, 25),
(999, 'خمام', 4, 25),
(1000, 'رشت', 4, 25),
(1001, 'سنگر', 4, 25),
(1002, 'کوچصفهان', 4, 25),
(1003, 'لشت نشاء', 4, 25),
(1004, 'لولمان', 4, 25),
(1005, 'پره سر', 4, 25),
(1006, 'رضوانشهر', 4, 25),
(1007, 'بره سر', 4, 25),
(1008, 'توتکابن', 4, 25),
(1009, 'جيرنده', 4, 25),
(1010, 'رستم آباد', 4, 25),
(1011, 'رودبار', 4, 25),
(1012, 'لوشان', 4, 25),
(1013, 'منجيل', 4, 25),
(1014, 'چابکسر', 4, 25),
(1015, 'رحيم آباد', 4, 25),
(1016, 'رودسر', 4, 25),
(1017, 'کلاچاي', 4, 25),
(1018, 'واجارگاه', 4, 25),
(1019, 'ديلمان', 4, 25),
(1020, 'سياهکل', 4, 25),
(1021, 'احمدسرگوراب', 4, 25),
(1022, 'شفت', 4, 25),
(1023, 'صومعه سرا', 4, 25),
(1024, 'گوراب زرميخ', 4, 25),
(1025, 'مرجقل', 4, 25),
(1026, 'اسالم', 4, 25),
(1027, 'چوبر', 4, 25),
(1028, 'حويق', 4, 25),
(1029, 'ليسار', 4, 25),
(1030, 'هشتپر [تالش)', 4, 25),
(1031, 'فومن', 4, 25),
(1032, 'ماسوله', 4, 25),
(1033, 'ماکلوان', 4, 25),
(1034, 'رودبنه', 4, 25),
(1035, 'لاهيجان', 4, 25),
(1036, 'اطاقور', 4, 25),
(1037, 'چاف و چمخاله', 4, 25),
(1038, 'شلمان', 4, 25),
(1039, 'کومله', 4, 25),
(1040, 'لنگرود', 4, 25),
(1041, 'بازار جمعه', 4, 25),
(1042, 'ماسال', 4, 25),
(1043, 'ازنا', 4, 26),
(1044, 'مومن آباد', 4, 26),
(1045, 'اليگودرز', 4, 26),
(1046, 'شول آباد', 4, 26),
(1047, 'اشترينان', 4, 26),
(1048, 'بروجرد', 4, 26),
(1049, 'پلدختر', 4, 26),
(1050, 'معمولان', 4, 26),
(1051, 'بيران شهر', 4, 26),
(1052, 'خرم آباد', 4, 26),
(1053, 'زاغه', 4, 26),
(1054, 'سپيددشت', 4, 26),
(1055, 'نورآباد', 4, 26),
(1056, 'هفت چشمه', 4, 26),
(1057, 'چالانچولان', 4, 26),
(1058, 'دورود', 4, 26),
(1059, 'سراب دوره', 4, 26),
(1060, 'ويسيان', 4, 26),
(1061, 'چقابل', 4, 26),
(1062, 'الشتر', 4, 26),
(1063, 'فيروزآباد', 4, 26),
(1064, 'درب گنبد', 4, 26),
(1065, 'کوهدشت', 4, 26),
(1066, 'کوهناني', 4, 26),
(1067, 'گراب', 4, 26),
(1068, 'آمل', 4, 27),
(1069, 'امامزاده عبدالله', 4, 27),
(1070, 'دابودشت', 4, 27),
(1071, 'رينه', 4, 27),
(1072, 'گزنک', 4, 27),
(1073, 'اميرکلا', 4, 27),
(1074, 'بابل', 4, 27),
(1075, 'خوش رودپي', 4, 27),
(1076, 'زرگرمحله', 4, 27),
(1077, 'گتاب', 4, 27),
(1078, 'گلوگاه', 4, 27),
(1079, 'مرزيکلا', 4, 27),
(1080, 'بابلسر', 4, 27),
(1081, 'بهنمير', 4, 27),
(1082, 'هادي شهر', 4, 27),
(1083, 'بهشهر', 4, 27),
(1084, 'خليل شهر', 4, 27),
(1085, 'رستمکلا', 4, 27),
(1086, 'تنکابن', 4, 27),
(1087, 'خرم آباد', 4, 27),
(1088, 'شيرود', 4, 27),
(1089, 'نشتارود', 4, 27),
(1090, 'جويبار', 4, 27),
(1091, 'کوهي خيل', 4, 27),
(1092, 'چالوس', 4, 27),
(1093, 'مرزن آباد', 4, 27),
(1094, 'هچيرود', 4, 27),
(1095, 'رامسر', 4, 27),
(1096, 'کتالم وسادات شهر', 4, 27),
(1097, 'پايين هولار', 4, 27),
(1098, 'ساري', 4, 27),
(1099, 'فريم', 4, 27),
(1100, 'کياسر', 4, 27),
(1101, 'آلاشت', 4, 27),
(1102, 'پل سفيد', 4, 27),
(1103, 'زيرآب', 4, 27),
(1104, 'شيرگاه', 4, 27),
(1105, 'کياکلا', 4, 27),
(1106, 'سلمان شهر', 4, 27),
(1107, 'عباس اباد', 4, 27),
(1108, 'کلارآباد', 4, 27),
(1109, 'فريدونکنار', 4, 27),
(1110, 'ارطه', 4, 27),
(1111, 'قايم شهر', 4, 27),
(1112, 'کلاردشت', 4, 27),
(1113, 'گلوگاه', 4, 27),
(1114, 'سرخرود', 4, 27),
(1115, 'محمودآباد', 4, 27),
(1116, 'سورک', 4, 27),
(1117, 'نکا', 4, 27),
(1118, 'ايزدشهر', 4, 27),
(1119, 'بلده', 4, 27),
(1120, 'چمستان', 4, 27),
(1121, 'رويان', 4, 27),
(1122, 'نور', 4, 27),
(1123, 'پول', 4, 27),
(1124, 'کجور', 4, 27),
(1125, 'نوشهر', 4, 27),
(1126, 'آشتيان', 4, 28),
(1127, 'اراک', 4, 28),
(1128, 'داودآباد', 4, 28),
(1129, 'ساروق', 4, 28),
(1130, 'کارچان', 4, 28),
(1131, 'تفرش', 4, 28),
(1132, 'خمين', 4, 28),
(1133, 'قورچي باشي', 4, 28),
(1134, 'جاورسيان', 4, 28),
(1135, 'خنداب', 4, 28),
(1136, 'دليجان', 4, 28),
(1137, 'نراق', 4, 28),
(1138, 'پرندک', 4, 28),
(1139, 'خشکرود', 4, 28),
(1140, 'رازقان', 4, 28),
(1141, 'زاويه', 4, 28),
(1142, 'مامونيه', 4, 28),
(1143, 'آوه', 4, 28),
(1144, 'ساوه', 4, 28),
(1145, 'غرق آباد', 4, 28),
(1146, 'نوبران', 4, 28),
(1147, 'آستانه', 4, 28),
(1148, 'توره', 4, 28),
(1149, 'شازند', 4, 28),
(1150, 'شهباز', 4, 28),
(1151, 'مهاجران', 4, 28),
(1152, 'هندودر', 4, 28),
(1153, 'خنجين', 4, 28),
(1154, 'فرمهين', 4, 28),
(1155, 'کميجان', 4, 28),
(1156, 'ميلاجرد', 4, 28),
(1157, 'محلات', 4, 28),
(1158, 'نيمور', 4, 28),
(1159, 'ابوموسي', 4, 29),
(1160, 'بستک', 4, 29),
(1161, 'جناح', 4, 29),
(1162, 'سردشت', 4, 29),
(1163, 'گوهران', 4, 29),
(1164, 'بندرعباس', 4, 29),
(1165, 'تازيان پايين', 4, 29),
(1166, 'تخت', 4, 29),
(1167, 'فين', 4, 29),
(1168, 'قلعه قاضي', 4, 29),
(1169, 'بندرلنگه', 4, 29),
(1170, 'چارک', 4, 29),
(1171, 'کنگ', 4, 29),
(1172, 'کيش', 4, 29),
(1173, 'لمزان', 4, 29),
(1174, 'پارسيان', 4, 29),
(1175, 'دشتي', 4, 29),
(1176, 'کوشکنار', 4, 29),
(1177, 'بندرجاسک', 4, 29),
(1178, 'حاجي اباد', 4, 29),
(1179, 'سرگز', 4, 29),
(1180, 'فارغان', 4, 29),
(1181, 'خمير', 4, 29),
(1182, 'رويدر', 4, 29),
(1183, 'بيکاء', 4, 29),
(1184, 'دهبارز', 4, 29),
(1185, 'زيارتعلي', 4, 29),
(1186, 'سيريک', 4, 29),
(1187, 'کوهستک', 4, 29),
(1188, 'گروک', 4, 29),
(1189, 'درگهان', 4, 29),
(1190, 'سوزا', 4, 29),
(1191, 'قشم', 4, 29),
(1192, 'هرمز', 4, 29),
(1193, 'تيرور', 4, 29),
(1194, 'سندرک', 4, 29),
(1195, 'ميناب', 4, 29),
(1196, 'هشتبندي', 4, 29),
(1197, 'آجين', 4, 30),
(1198, 'اسدآباد', 4, 30),
(1199, 'بهار', 4, 30),
(1200, 'صالح آباد', 4, 30),
(1201, 'لالجين', 4, 30),
(1202, 'مهاجران', 4, 30),
(1203, 'تويسرکان', 4, 30),
(1204, 'سرکان', 4, 30),
(1205, 'فرسفج', 4, 30),
(1206, 'دمق', 4, 30),
(1207, 'رزن', 4, 30),
(1208, 'قروه درجزين', 4, 30),
(1209, 'فامنين', 4, 30),
(1210, 'شيرين سو', 4, 30),
(1211, 'کبودرآهنگ', 4, 30),
(1212, 'گل تپه', 4, 30),
(1213, 'ازندريان', 4, 30),
(1214, 'جوکار', 4, 30),
(1215, 'زنگنه', 4, 30),
(1216, 'سامن', 4, 30),
(1217, 'ملاير', 4, 30),
(1218, 'برزول', 4, 30),
(1219, 'فيروزان', 4, 30),
(1220, 'گيان', 4, 30),
(1221, 'نهاوند', 4, 30),
(1222, 'جورقان', 4, 30),
(1223, 'قهاوند', 4, 30),
(1224, 'مريانج', 4, 30),
(1225, 'همدان', 4, 30),
(1226, 'ابرکوه', 4, 31),
(1227, 'مهردشت', 4, 31),
(1228, 'احمدآباد', 4, 31),
(1229, 'اردکان', 4, 31),
(1230, 'عقدا', 4, 31),
(1231, 'اشکذر', 4, 31),
(1232, 'خضرآباد', 4, 31),
(1233, 'بافق', 4, 31),
(1234, 'بهاباد', 4, 31),
(1235, 'تفت', 4, 31),
(1236, 'نير', 4, 31),
(1237, 'مروست', 4, 31),
(1238, 'هرات', 4, 31),
(1239, 'مهريز', 4, 31),
(1240, 'بفروييه', 4, 31),
(1241, 'ميبد', 4, 31),
(1242, 'ندوشن', 4, 31),
(1243, 'حميديا', 4, 31),
(1244, 'زارچ', 4, 31),
(1245, 'شاهديه', 4, 31),
(1246, 'يزد', 4, 31),
(1247, 'گیلاوند', 4, 8),
(1248, 'شهرزیبا', 4, 8),
(1249, 'دولت آباد', 4, 8);

-- --------------------------------------------------------

--
-- Table structure for table `comments`
--

CREATE TABLE `comments` (
  `id` bigint(20) UNSIGNED NOT NULL COMMENT 'شناسه یکتا کامنت',
  `commentable_id` varchar(255) NOT NULL COMMENT 'شناسه مدل مرتبط با کامنت',
  `commentable_type` varchar(255) NOT NULL COMMENT 'نوع مدل مرتبط (مثلاً Post, Product و...)',
  `user_id` bigint(20) UNSIGNED NOT NULL COMMENT 'شناسه کاربری که این نقش را ایجاد کرده',
  `parent_id` bigint(20) UNSIGNED NOT NULL DEFAULT 0 COMMENT 'شناسه کامنت والد برای ریپلای‌ها',
  `approved` tinyint(1) NOT NULL DEFAULT 0 COMMENT 'وضعیت تأیید کامنت',
  `comment` text NOT NULL COMMENT 'متن کامل کامنت',
  `created_at` timestamp NULL DEFAULT NULL,
  `updated_at` timestamp NULL DEFAULT NULL
) ENGINE=InnoDB DEFAULT CHARSET=utf8mb4 COLLATE=utf8mb4_unicode_ci;

-- --------------------------------------------------------

--
-- Table structure for table `failed_jobs`
--

CREATE TABLE `failed_jobs` (
  `id` bigint(20) UNSIGNED NOT NULL,
  `uuid` varchar(255) NOT NULL,
  `connection` text NOT NULL,
  `queue` text NOT NULL,
  `payload` longtext NOT NULL,
  `exception` longtext NOT NULL,
  `failed_at` timestamp NOT NULL DEFAULT current_timestamp()
) ENGINE=InnoDB DEFAULT CHARSET=utf8mb4 COLLATE=utf8mb4_unicode_ci;

-- --------------------------------------------------------

--
-- Table structure for table `menus`
--

CREATE TABLE `menus` (
  `id` bigint(20) UNSIGNED NOT NULL COMMENT 'شناسه یکتا پنل منو',
  `priority` bigint(20) UNSIGNED DEFAULT NULL COMMENT 'شماره اولویت',
  `title` varchar(255) DEFAULT NULL COMMENT 'عنوان صفحه',
  `slug` varchar(255) DEFAULT NULL COMMENT 'آدرس صفحه',
  `tab_title` varchar(255) DEFAULT NULL COMMENT 'عنوان صفحه در تب',
  `page_title` varchar(255) DEFAULT NULL COMMENT 'عنوان صفحه در داخل صفحه',
  `submenu` tinyint(1) NOT NULL DEFAULT 0 COMMENT 'آیا زیرصفحه دارد؟',
  `class` varchar(255) DEFAULT NULL COMMENT 'کلاس لاراول',
  `controller` varchar(255) DEFAULT NULL COMMENT 'کنترلر مرتبط با صفحه',
  `status` tinyint(1) NOT NULL DEFAULT 0 COMMENT 'وضعیت نمایش صفحه (فعال/غیرفعال)',
  `home_show` tinyint(1) NOT NULL DEFAULT 0 COMMENT 'وضعیت نمایش در صفحه اصلی (فعال/غیرفعال)',
  `keyword` text DEFAULT NULL COMMENT 'کلمات کلیدی صفحه',
  `description` text DEFAULT NULL COMMENT 'توضیحات صفحه',
  `user_id` bigint(20) UNSIGNED DEFAULT NULL COMMENT 'شناسه کاربری ایجاد کننده',
  `viewcount` bigint(20) UNSIGNED NOT NULL DEFAULT 0 COMMENT 'شمارنده بازدید',
  `created_at` timestamp NULL DEFAULT NULL,
  `updated_at` timestamp NULL DEFAULT NULL
) ENGINE=InnoDB DEFAULT CHARSET=utf8mb4 COLLATE=utf8mb4_unicode_ci;

--
-- Dumping data for table `menus`
--

INSERT INTO `menus` (`id`, `priority`, `title`, `slug`, `tab_title`, `page_title`, `submenu`, `class`, `controller`, `status`, `home_show`, `keyword`, `description`, `user_id`, `viewcount`, `created_at`, `updated_at`) VALUES
(2, NULL, 'صفحه اصلی', 'صفحه-اصلی', 'صفحه اصلی', 'صفحه اصلی', 0, 'index', 'IndexController', 4, 0, NULL, NULL, 1, 0, '2025-04-30 16:44:07', '2025-04-30 16:44:07'),
(3, NULL, 'درباره ما', 'درباره-ما', 'درباره ما', 'درباره ما', 1, 'index', 'AboutController', 4, 1, NULL, NULL, 1, 0, '2025-04-30 16:59:36', '2025-04-30 16:59:36');

-- --------------------------------------------------------

--
-- Table structure for table `menu_panels`
--

CREATE TABLE `menu_panels` (
  `id` bigint(20) UNSIGNED NOT NULL COMMENT 'شناسه یکتا پنل منو',
  `priority` int(10) UNSIGNED DEFAULT NULL,
  `label` varchar(255) NOT NULL COMMENT 'عنوان فارسی پنل منو',
  `title` varchar(255) NOT NULL COMMENT 'عنوان پنل منو',
  `slug` varchar(255) NOT NULL COMMENT 'آدرس منو یا شناسه منو',
  `icon` varchar(255) DEFAULT NULL COMMENT 'آیکون پنل منو',
  `submenu` tinyint(1) NOT NULL DEFAULT 0 COMMENT 'آیا منو زیرمنو دارد؟',
  `class` varchar(255) DEFAULT NULL COMMENT 'کلاس لاراول',
  `level` varchar(255) DEFAULT NULL COMMENT 'سطح نمایش',
  `controller` varchar(255) DEFAULT NULL COMMENT 'کنترلر مرتبط با منو',
  `status` tinyint(1) NOT NULL DEFAULT 0 COMMENT 'وضعیت منو (فعال/غیرفعال)',
  `user_id` bigint(20) UNSIGNED NOT NULL COMMENT 'شناسه کاربری که این نقش را ایجاد کرده',
  `created_at` timestamp NULL DEFAULT NULL,
  `updated_at` timestamp NULL DEFAULT NULL
) ENGINE=InnoDB DEFAULT CHARSET=utf8mb4 COLLATE=utf8mb4_unicode_ci;

--
-- Dumping data for table `menu_panels`
--

INSERT INTO `menu_panels` (`id`, `priority`, `label`, `title`, `slug`, `icon`, `submenu`, `class`, `level`, `controller`, `status`, `user_id`, `created_at`, `updated_at`) VALUES
(1, 1, 'مدیریت داشبورد', 'dashboard', 'dashboard', 'mdi-View-Dashboard-Outline', 1, 'index', NULL, 'IndexController', 4, 1, NULL, '2025-04-29 16:09:00'),
(2, 2, 'مدیریت کاربران داشبورد', 'user-panel-manager', 'user-panel-manager', 'mdi-account-group', 1, 'index', NULL, 'IndexController', 4, 1, '2025-04-29 01:23:39', '2025-05-01 09:48:48'),
(3, 3, 'مدیریت وبسایت', 'site-manager', 'site-manager', 'mdi mdi-web', 1, 'index', NULL, 'IndexController', 4, 1, '2025-04-29 01:24:33', '2025-04-29 01:26:20'),
(4, 4, 'مدیریت کاربران سایت', 'user-site-manager', 'user-site-manager', 'mdi-account-group', 1, 'index', NULL, 'IndexController', 4, 1, '2025-05-01 09:47:56', '2025-05-01 09:48:33'),
(5, 5, 'مدیریت فایل ها', 'file-manager', 'file-manager', 'mdi-folder-multiple-outline', 1, 'index', NULL, 'IndexController', 4, 1, '2025-04-29 01:25:41', '2025-04-29 01:26:04'),
(6, 6, 'گزارش ها', 'reports', 'reports', 'mdi-chart-box-outline', 1, 'index', NULL, 'IndexController', 4, 1, '2025-04-29 01:25:14', '2025-04-29 01:25:14');

-- --------------------------------------------------------

--
-- Table structure for table `migrations`
--

CREATE TABLE `migrations` (
  `id` int(10) UNSIGNED NOT NULL,
  `migration` varchar(255) NOT NULL,
  `batch` int(11) NOT NULL
) ENGINE=InnoDB DEFAULT CHARSET=utf8mb4 COLLATE=utf8mb4_unicode_ci;

--
-- Dumping data for table `migrations`
--

INSERT INTO `migrations` (`id`, `migration`, `batch`) VALUES
(1, '2010_04_21_055241_type_users', 1),
(2, '2010_04_22_072335_states', 1),
(3, '2010_04_24_072325_cities', 1),
(4, '2014_10_12_000000_create_users_table', 1),
(5, '2014_10_12_100000_create_password_reset_tokens_table', 1),
(6, '2014_10_12_200000_add_two_factor_columns_to_users_table', 1),
(7, '2019_08_19_000000_create_failed_jobs_table', 1),
(8, '2019_12_14_000001_create_personal_access_tokens_table', 1),
(9, '2025_04_21_051102_roles', 1),
(10, '2025_04_21_052117_permissions', 1),
(11, '2025_04_21_054835_permission_role', 1),
(12, '2025_04_21_055118_role_user', 1),
(13, '2025_04_21_055451_visits', 1),
(14, '2025_04_21_055705_active_codes', 1),
(15, '2025_04_21_060106_comments', 1),
(16, '2025_04_21_060327_owner', 1),
(17, '2025_04_21_060909_activity_logs', 1),
(18, '2025_04_21_061540_menu_panels', 1),
(19, '2025_04_21_062001_submenu_panels', 1),
(20, '2025_04_21_063007_submenu_permissions', 1),
(21, '2014_10_12_100000_create_password_resets_table', 2),
(22, '2025_04_29_185400_menus', 2),
(23, '2025_04_29_185406_submenus', 2);

-- --------------------------------------------------------

--
-- Table structure for table `owners`
--

CREATE TABLE `owners` (
  `id` bigint(20) UNSIGNED NOT NULL COMMENT 'شناسه یکتا شرکت',
  `title` varchar(255) NOT NULL COMMENT 'عنوان شرکت',
  `tel` text DEFAULT NULL COMMENT 'تلفن',
  `mobile` varchar(20) DEFAULT NULL COMMENT 'شماره موبایل',
  `email` varchar(191) DEFAULT NULL COMMENT 'ایمیل',
  `ceo` varchar(191) DEFAULT NULL COMMENT 'نام مدیرعامل',
  `meli_code` varchar(20) DEFAULT NULL COMMENT 'کد ملی شرکت',
  `eghtesadi_code` varchar(26) DEFAULT NULL COMMENT 'کد اقتصادی',
  `date_sabt` varchar(12) DEFAULT NULL COMMENT 'تاریخ ثبت شرکت',
  `address` text DEFAULT NULL COMMENT 'آدرس',
  `social` text DEFAULT NULL COMMENT 'شبکه‌های اجتماعی به صورت JSON یا متن',
  `summery` text DEFAULT NULL COMMENT 'خلاصه معرفی شرکت',
  `user_id` bigint(20) UNSIGNED NOT NULL COMMENT 'شناسه کاربری که این نقش را ایجاد کرده',
  `created_at` timestamp NULL DEFAULT NULL,
  `updated_at` timestamp NULL DEFAULT NULL
) ENGINE=InnoDB DEFAULT CHARSET=utf8mb4 COLLATE=utf8mb4_unicode_ci;

--
-- Dumping data for table `owners`
--

INSERT INTO `owners` (`id`, `title`, `tel`, `mobile`, `email`, `ceo`, `meli_code`, `eghtesadi_code`, `date_sabt`, `address`, `social`, `summery`, `user_id`, `created_at`, `updated_at`) VALUES
(2, 'بستا', '02177116213', '09128119938', 'hosseindbk@gmail.com', 'محمد حسین دیوان بیگی', '14006200312', '14006200312', '1394/03/30', NULL, '[\"instagram:bestagroup\",\"linkedin:bestagroup\"]', 'تست توضیحات', 1, '2025-04-29 06:25:38', '2025-04-29 06:25:38');

-- --------------------------------------------------------

--
-- Table structure for table `password_resets`
--

CREATE TABLE `password_resets` (
  `email` varchar(255) NOT NULL,
  `token` varchar(255) NOT NULL,
  `created_at` timestamp NULL DEFAULT NULL
) ENGINE=InnoDB DEFAULT CHARSET=utf8mb4 COLLATE=utf8mb4_unicode_ci;

-- --------------------------------------------------------

--
-- Table structure for table `password_reset_tokens`
--

CREATE TABLE `password_reset_tokens` (
  `email` varchar(255) NOT NULL,
  `token` varchar(255) NOT NULL,
  `created_at` timestamp NULL DEFAULT NULL
) ENGINE=InnoDB DEFAULT CHARSET=utf8mb4 COLLATE=utf8mb4_unicode_ci;

-- --------------------------------------------------------

--
-- Table structure for table `permissions`
--

CREATE TABLE `permissions` (
  `id` bigint(20) UNSIGNED NOT NULL COMMENT 'شناسه یکتا سطح دسترسی',
  `title` varchar(255) NOT NULL COMMENT 'عنوان سطح دسترسی (نمایش در UI)',
  `label` varchar(255) NOT NULL COMMENT 'عنوان سطح دسترسی (نمایش در UI)',
  `slug` varchar(255) NOT NULL COMMENT 'نام یکتا سطح دسترسی برای استفاده در کد (مثلاً view-users)',
  `menu_panel_id` int(11) DEFAULT NULL COMMENT 'شناسه منوی اصلی که این دسترسی به آن مربوط می‌شود',
  `submenu_panel_id` int(11) DEFAULT NULL COMMENT 'شناسه زیرمنو (در صورت وجود)',
  `user_id` bigint(20) UNSIGNED NOT NULL COMMENT 'شناسه کاربری که این نقش را ایجاد کرده',
  `created_at` timestamp NULL DEFAULT NULL,
  `updated_at` timestamp NULL DEFAULT NULL
) ENGINE=InnoDB DEFAULT CHARSET=utf8mb4 COLLATE=utf8mb4_unicode_ci;

--
-- Dumping data for table `permissions`
--

INSERT INTO `permissions` (`id`, `title`, `label`, `slug`, `menu_panel_id`, `submenu_panel_id`, `user_id`, `created_at`, `updated_at`) VALUES
(18, 'user-manager', 'مدیریت کاربران', 'user-manager', 18, NULL, 1, '2025-04-29 01:23:39', '2025-04-29 01:23:39'),
(19, 'site-management', 'مدیریت وبسایت', 'site-management', 19, NULL, 1, '2025-04-29 01:24:33', '2025-04-29 01:24:33'),
(20, 'reports', 'گزارش ها', 'reports', 20, NULL, 1, '2025-04-29 01:25:14', '2025-04-29 01:25:14'),
(21, 'file-managment', 'مدیریت فایل ها', 'file-managment', 21, NULL, 1, '2025-04-29 01:25:41', '2025-04-29 01:25:41'),
(22, 'owner', 'اطلاعات کارفرما', 'owner', NULL, 1, 1, '2025-04-29 02:48:27', '2025-04-29 02:48:27'),
(23, 'menupanel', 'منو داشبورد', 'menupanel', NULL, 2, 1, '2025-04-29 02:49:03', '2025-04-29 02:49:03'),
(24, 'submenupanel', 'زیرمنو داشبورد', 'submenupanel', NULL, 3, 1, '2025-04-29 02:49:57', '2025-04-29 02:49:57'),
(25, 'leveluser', 'سطح کاربران', 'leveluser', NULL, 4, 1, '2025-04-29 02:51:12', '2025-04-29 02:51:12'),
(26, 'owner', 'اطلاعات کارفرما', 'owner-2', NULL, 5, 1, '2025-04-29 05:01:43', '2025-04-29 05:01:43'),
(27, 'menusite', 'منو سایت', 'menusite', NULL, 7, 1, '2025-04-29 15:51:19', '2025-04-29 15:51:19'),
(28, 'submenusite', 'زیرمنو سایت', 'submenusite', NULL, 8, 1, '2025-04-29 15:52:00', '2025-04-29 15:52:00'),
(29, 'typeuser', 'انواع کاربران', 'typeuser', NULL, 9, 1, '2025-04-30 17:34:55', '2025-04-30 17:34:55'),
(30, 'roleuser', 'انواع نقش کاربران داشبورد', 'roleuser', NULL, 10, 1, '2025-05-01 09:42:22', '2025-05-01 09:42:22'),
(31, 'siteuser', 'مدیریت کاربران سایت', 'siteuser', 22, NULL, 1, '2025-05-01 09:47:56', '2025-05-01 09:47:56'),
(32, 'site_user_list', 'لیست کاربران سایت', 'site-user-list', NULL, 11, 1, '2025-05-01 09:58:01', '2025-05-01 09:58:01'),
(33, 'paneluser', 'لیست کاربران داشبورد', 'paneluser', NULL, 12, 1, '2025-05-02 06:51:27', '2025-05-02 06:51:27');

-- --------------------------------------------------------

--
-- Table structure for table `permission_role`
--

CREATE TABLE `permission_role` (
  `id` bigint(20) UNSIGNED NOT NULL COMMENT 'شناسه یکتا رکورد',
  `role_id` bigint(20) UNSIGNED NOT NULL COMMENT 'نقش کاربر',
  `permission_id` bigint(20) UNSIGNED NOT NULL COMMENT 'سطح کاربر',
  `created_at` timestamp NULL DEFAULT NULL,
  `updated_at` timestamp NULL DEFAULT NULL
) ENGINE=InnoDB DEFAULT CHARSET=utf8mb4 COLLATE=utf8mb4_unicode_ci;

-- --------------------------------------------------------

--
-- Table structure for table `personal_access_tokens`
--

CREATE TABLE `personal_access_tokens` (
  `id` bigint(20) UNSIGNED NOT NULL,
  `tokenable_type` varchar(255) NOT NULL,
  `tokenable_id` bigint(20) UNSIGNED NOT NULL,
  `name` varchar(255) NOT NULL,
  `token` varchar(64) NOT NULL,
  `abilities` text DEFAULT NULL,
  `last_used_at` timestamp NULL DEFAULT NULL,
  `expires_at` timestamp NULL DEFAULT NULL,
  `created_at` timestamp NULL DEFAULT NULL,
  `updated_at` timestamp NULL DEFAULT NULL
) ENGINE=InnoDB DEFAULT CHARSET=utf8mb4 COLLATE=utf8mb4_unicode_ci;

-- --------------------------------------------------------

--
-- Table structure for table `roles`
--

CREATE TABLE `roles` (
  `id` bigint(20) UNSIGNED NOT NULL COMMENT 'شناسه یکتا نقش',
  `title_fa` varchar(255) DEFAULT NULL COMMENT 'عنوان نقش مانند مدیر، کاربر، ناظر',
  `title` varchar(255) DEFAULT NULL COMMENT 'نام انگلیسی یا کد یکتا نقش برای استفاده در سیستم',
  `user_id` bigint(20) UNSIGNED NOT NULL COMMENT 'شناسه کاربری که این نقش را ایجاد کرده',
  `status` int(1) DEFAULT NULL,
  `created_at` timestamp NULL DEFAULT NULL,
  `updated_at` timestamp NULL DEFAULT NULL
) ENGINE=InnoDB DEFAULT CHARSET=utf8mb4 COLLATE=utf8mb4_unicode_ci;

--
-- Dumping data for table `roles`
--

INSERT INTO `roles` (`id`, `title_fa`, `title`, `user_id`, `status`, `created_at`, `updated_at`) VALUES
(1, 'ادمین', 'supperadmin', 1, NULL, NULL, NULL),
(2, 'مدیر ارشد', 'chief', 1, 4, NULL, '2025-05-02 09:31:29'),
(3, 'مدیر', 'manager', 1, 4, NULL, '2025-05-02 09:31:33'),
(4, 'کارشناس ارشد', 'seniorexpert', 1, 4, NULL, '2025-05-02 09:31:25'),
(5, 'کارمند', 'emploee', 1, 4, NULL, '2025-05-02 09:31:19');

-- --------------------------------------------------------

--
-- Table structure for table `role_user`
--

CREATE TABLE `role_user` (
  `role_id` bigint(20) UNSIGNED NOT NULL COMMENT 'نقش کاربر',
  `user_id` bigint(20) UNSIGNED NOT NULL COMMENT 'شناسه کاربری که این نقش را ایجاد کرده'
) ENGINE=InnoDB DEFAULT CHARSET=utf8mb4 COLLATE=utf8mb4_unicode_ci;

-- --------------------------------------------------------

--
-- Table structure for table `states`
--

CREATE TABLE `states` (
  `id` bigint(20) UNSIGNED NOT NULL COMMENT 'شناسه یکتا',
  `title` varchar(255) NOT NULL COMMENT 'عنوان زیرمنو',
  `status` tinyint(1) NOT NULL DEFAULT 0 COMMENT 'وضعیت زیرمنو (فعال/غیرفعال)',
  `lat` varchar(255) NOT NULL COMMENT 'طول جغرافیایی',
  `lng` varchar(255) NOT NULL COMMENT 'عرض جغرافیایی'
) ENGINE=InnoDB DEFAULT CHARSET=utf8mb4 COLLATE=utf8mb4_unicode_ci;

--
-- Dumping data for table `states`
--

INSERT INTO `states` (`id`, `title`, `status`, `lat`, `lng`) VALUES
(1, 'آذربايجان شرقي', 4, '38.07892583633619', '46.28932362168941'),
(2, 'آذربايجان غربي', 4, '37.55568473775466', '45.060788074426085'),
(3, 'اردبيل', 4, '38.24885176963309', '48.291666245718844'),
(4, 'اصفهان', 4, '32.66221111127481', '51.66023871604286'),
(5, 'البرز', 4, '35.842865652470635', '50.96068739612619'),
(6, 'ايلام', 4, '33.63848771194957', '46.412977173692255'),
(7, 'بوشهر', 4, '28.968397787495746', '50.83552932968888'),
(8, 'تهران', 4, '35.74609549470894', '51.38037447969855'),
(9, 'چهارمحال وبختياري', 4, '32.33580896287559', '50.87409947473728'),
(10, 'خراسان جنوبي', 4, '32.86321387537796', '59.22787062929765'),
(11, 'خراسان رضوي', 4, '36.287141179100296', ' 59.61499117951744'),
(12, 'خراسان شمالي', 4, '37.47588096900146', ' 57.32137852986279'),
(13, 'خوزستان', 4, '31.343699992403447', '48.708349490552514'),
(14, 'زنجان', 4, '36.68457932793755', '48.492877809421714'),
(15, 'سمنان', 4, '35.57900141141739', '53.38942768991892'),
(16, 'سيستان وبلوچستان', 4, '29.4809893521723', '60.86273605260827'),
(17, 'فارس', 4, '29.61238605713562', '52.53232111427517'),
(18, 'قزوين', 4, '36.290103142985124', '50.00332570522124'),
(19, 'قم', 4, '34.64377315366154', '50.871383811830476'),
(20, 'کردستان', 4, '35.30566913082097', '46.99769897498804'),
(21, 'کرمان', 4, '30.28548472887586', '57.07002435492478'),
(22, 'کرمانشاه', 4, '34.339517574197906', '47.106514387709666'),
(23, 'کهگيلويه وبويراحمد', 4, '30.666881237611054', '51.58794635145135'),
(24, 'گلستان', 4, '36.83761533714232', '54.438494927548895'),
(25, 'گيلان', 4, '37.28819586566372', '49.58930263982769'),
(26, 'لرستان', 4, '33.47792566707818', '48.35288795603192'),
(27, 'مازندران', 4, '36.564186725510346', '53.062663708590584'),
(28, 'مرکزي', 4, '34.09483383119908', '49.71185726028092'),
(29, 'هرمزگان', 4, '27.19721936936515', '56.300429576985'),
(30, 'همدان', 4, '34.79648152807325', '48.51310935061167'),
(31, 'يزد', 4, '31.88682731862685', '54.35290125332423');

-- --------------------------------------------------------

--
-- Table structure for table `submenus`
--

CREATE TABLE `submenus` (
  `id` bigint(20) UNSIGNED NOT NULL COMMENT 'شناسه یکتا زیرصفحه',
  `priority` bigint(20) UNSIGNED DEFAULT NULL COMMENT 'شماره اولویت',
  `title` varchar(255) DEFAULT NULL COMMENT 'عنوان زیرصفحه',
  `menu_id` bigint(20) UNSIGNED DEFAULT NULL COMMENT 'شناسه منو اصلی که این زیرصفحه به آن تعلق دارد',
  `slug` varchar(255) DEFAULT NULL COMMENT 'آدرس زیرصفحه',
  `class` varchar(255) DEFAULT NULL COMMENT 'کلاس لاراول',
  `controller` varchar(255) DEFAULT NULL COMMENT 'کنترلر مرتبط با زیرصفحه',
  `tab_title` varchar(255) DEFAULT NULL COMMENT 'کنترلر مرتبط با زیرصفحه',
  `page_title` varchar(255) DEFAULT NULL COMMENT 'کنترلر مرتبط با زیرصفحه',
  `keyword` text DEFAULT NULL COMMENT 'کنترلر مرتبط با زیرصفحه',
  `description` text DEFAULT NULL COMMENT 'کنترلر مرتبط با زیرصفحه',
  `status` tinyint(1) NOT NULL DEFAULT 0 COMMENT 'وضعیت زیرصفحه (فعال/غیرفعال)',
  `user_id` bigint(20) UNSIGNED DEFAULT NULL COMMENT 'شناسه کاربری که این نقش را ایجاد کرده',
  `viewcount` bigint(20) UNSIGNED NOT NULL DEFAULT 0 COMMENT 'شمارنده بازدید',
  `created_at` timestamp NULL DEFAULT NULL,
  `updated_at` timestamp NULL DEFAULT NULL
) ENGINE=InnoDB DEFAULT CHARSET=utf8mb4 COLLATE=utf8mb4_unicode_ci;

--
-- Dumping data for table `submenus`
--

INSERT INTO `submenus` (`id`, `priority`, `title`, `menu_id`, `slug`, `class`, `controller`, `tab_title`, `page_title`, `keyword`, `description`, `status`, `user_id`, `viewcount`, `created_at`, `updated_at`) VALUES
(1, NULL, 'تیم ما', 3, 'تیم-ما', 'index', 'teamController', 'تیم ما', 'تیم ما', NULL, NULL, 4, 1, 0, '2025-04-30 17:00:20', '2025-04-30 17:10:24');

-- --------------------------------------------------------

--
-- Table structure for table `submenu_panels`
--

CREATE TABLE `submenu_panels` (
  `id` bigint(20) UNSIGNED NOT NULL COMMENT 'شناسه یکتا پنل زیرمنو',
  `priority` int(10) UNSIGNED DEFAULT NULL,
  `title` varchar(255) NOT NULL COMMENT 'عنوان زیرمنو',
  `label` varchar(255) NOT NULL COMMENT 'عنوان فارسی پنل منو',
  `menu_id` bigint(20) UNSIGNED NOT NULL,
  `slug` varchar(255) NOT NULL COMMENT 'آدرس زیرمنو یا شناسه منو',
  `level` varchar(255) DEFAULT NULL COMMENT 'سطح نمایش',
  `class` varchar(255) DEFAULT NULL COMMENT 'کلاس لاراول',
  `controller` varchar(255) DEFAULT NULL COMMENT 'کنترلر مرتبط با زیرمنو',
  `status` tinyint(1) NOT NULL DEFAULT 0 COMMENT 'وضعیت زیرمنو (فعال/غیرفعال)',
  `user_id` bigint(20) UNSIGNED NOT NULL COMMENT 'شناسه کاربری که این نقش را ایجاد کرده',
  `created_at` timestamp NULL DEFAULT NULL,
  `updated_at` timestamp NULL DEFAULT NULL
) ENGINE=InnoDB DEFAULT CHARSET=utf8mb4 COLLATE=utf8mb4_unicode_ci;

--
-- Dumping data for table `submenu_panels`
--

INSERT INTO `submenu_panels` (`id`, `priority`, `title`, `label`, `menu_id`, `slug`, `level`, `class`, `controller`, `status`, `user_id`, `created_at`, `updated_at`) VALUES
(1, 1, 'owner', 'اطلاعات کارفرما', 1, 'owner', NULL, 'index', 'OwnerController', 4, 1, '2025-04-29 05:01:43', '2025-04-29 05:01:43'),
(2, 2, 'menupanel', 'منو', 1, 'menupanel', NULL, 'index', 'MenupanelController', 4, 1, NULL, '2025-04-29 05:00:58'),
(3, 3, 'submenupanel', 'زیرمنو', 1, 'submenupanel', NULL, 'index', 'SubmenupanelConttroller', 4, 1, NULL, '2025-04-29 05:01:05'),
(4, 4, 'leveluser', 'سطح کاربران', 2, 'leveluser', NULL, 'index', 'LeveluserController', 4, 1, '2025-04-29 02:51:12', '2025-04-29 02:51:12'),
(7, 5, 'menusite', 'منو سایت', 3, 'menusite', NULL, 'index', 'MenusiteController', 4, 1, '2025-04-29 15:51:19', '2025-04-29 15:51:19'),
(8, 6, 'submenusite', 'زیرمنو سایت', 3, 'submenusite', NULL, 'index', 'SubmenusiteController', 4, 1, '2025-04-29 15:52:00', '2025-04-29 16:11:26'),
(9, 7, 'typeuser', 'نقش کاربران سایت', 4, 'typeuser', NULL, 'index', 'TypeuserController', 4, 1, '2025-04-30 17:34:55', '2025-05-01 09:52:29'),
(10, 8, 'roleuser', 'نقش کاربران داشبورد', 2, 'roleuser', NULL, 'index', 'RoleController', 4, 1, '2025-05-01 09:42:22', '2025-05-01 09:52:22'),
(11, 9, 'siteuser', 'لیست کاربران سایت', 4, 'siteuser', NULL, 'index', 'SiteuserController', 4, 1, '2025-05-01 09:58:01', '2025-05-01 09:58:18'),
(12, NULL, 'paneluser', 'لیست کاربران داشبورد', 2, 'paneluser', NULL, 'index', 'PaneluserController', 4, 1, '2025-05-02 06:51:27', '2025-05-02 06:51:27');

-- --------------------------------------------------------

--
-- Table structure for table `submenu_permissions`
--

CREATE TABLE `submenu_permissions` (
  `id` bigint(20) UNSIGNED NOT NULL COMMENT 'شناسه یکتا دسترسی به زیرمنو',
  `submenu_id` bigint(20) UNSIGNED NOT NULL COMMENT 'شناسه کاربری که این نقش را ایجاد کرده',
  `user_id` bigint(20) UNSIGNED NOT NULL COMMENT 'شناسه کاربری که این نقش را ایجاد کرده',
  `can_create` tinyint(1) NOT NULL DEFAULT 0 COMMENT 'دسترسی به افزودن',
  `can_edit` tinyint(1) NOT NULL DEFAULT 0 COMMENT 'دسترسی به ویرایش',
  `can_delete` tinyint(1) NOT NULL DEFAULT 0 COMMENT 'دسترسی به حذف',
  `created_at` timestamp NULL DEFAULT NULL,
  `updated_at` timestamp NULL DEFAULT NULL
) ENGINE=InnoDB DEFAULT CHARSET=utf8mb4 COLLATE=utf8mb4_unicode_ci;

-- --------------------------------------------------------

--
-- Table structure for table `type_users`
--

CREATE TABLE `type_users` (
  `id` bigint(20) UNSIGNED NOT NULL COMMENT 'شناسه یکتا نوع کاربر',
  `title` varchar(255) NOT NULL COMMENT 'عنوان نوع کاربر به انگلیسی ',
  `title_fa` varchar(255) DEFAULT NULL COMMENT 'عنوان نوع کاربر به فارسی یا نمایش در UI',
  `status` int(1) DEFAULT NULL,
  `created_at` timestamp NULL DEFAULT NULL,
  `updated_at` timestamp NULL DEFAULT NULL
) ENGINE=InnoDB DEFAULT CHARSET=utf8mb4 COLLATE=utf8mb4_unicode_ci;

--
-- Dumping data for table `type_users`
--

INSERT INTO `type_users` (`id`, `title`, `title_fa`, `status`, `created_at`, `updated_at`) VALUES
(1, 'superadmin', 'کاربر اصلی', NULL, '2025-04-27 08:31:02', '2025-04-27 08:31:02'),
(2, 'Chief', 'مدیر ارشد', 4, '2025-04-30 17:37:12', '2025-04-30 17:37:12'),
(3, 'manager', 'مدیر', 4, '2025-04-30 17:37:25', '2025-04-30 17:37:25'),
(4, 'master', 'کارشناس ارشد', 4, '2025-04-30 17:38:03', '2025-04-30 17:38:03'),
(5, 'expert', 'کارشناس', 4, '2025-04-30 17:38:31', '2025-04-30 17:38:31'),
(6, 'employee', 'کارمند', 4, '2025-04-30 17:39:05', '2025-04-30 17:41:31'),
(8, 'customer', 'مشتری دائم', 4, '2025-05-02 09:25:17', '2025-05-02 09:25:17');

-- --------------------------------------------------------

--
-- Table structure for table `users`
--

CREATE TABLE `users` (
  `id` bigint(20) UNSIGNED NOT NULL COMMENT 'شناسه یکتا کاربر',
  `name` varchar(255) DEFAULT NULL COMMENT 'نام کامل کاربر',
  `username` varchar(255) DEFAULT NULL COMMENT 'نام کاربری برای ورود',
  `email` varchar(255) DEFAULT NULL COMMENT 'آدرس ایمیل',
  `email_verify` tinyint(1) NOT NULL DEFAULT 0 COMMENT 'تایید ایمیل (0=تایید نشده، 1=تایید شده)',
  `email_verified_at` timestamp NULL DEFAULT NULL COMMENT 'تاریخ و زمان تایید ایمیل',
  `level` varchar(20) NOT NULL DEFAULT 'site' COMMENT 'سطح دسترسی کاربر مانند site یا panel',
  `api_token` varchar(255) DEFAULT NULL COMMENT 'توکن API برای دسترسی از طریق کلاینت‌ها',
  `password` varchar(255) DEFAULT NULL COMMENT 'رمز عبور هش شده',
  `two_factor_secret` text DEFAULT NULL,
  `two_factor_recovery_codes` text DEFAULT NULL,
  `two_factor_confirmed_at` timestamp NULL DEFAULT NULL,
  `image` varchar(255) DEFAULT NULL COMMENT 'آدرس تصویر پروفایل',
  `phone` varchar(255) DEFAULT NULL COMMENT 'شماره تلفن همراه',
  `phone_verify` tinyint(1) DEFAULT NULL COMMENT 'وضعیت تایید شماره همراه',
  `telphone` varchar(255) DEFAULT NULL COMMENT 'شماره تلفن ثابت',
  `national_id` varchar(10) DEFAULT NULL COMMENT 'کد ملی کاربر',
  `user_job` varchar(191) DEFAULT NULL COMMENT 'عنوان شغلی کاربر',
  `marital_status` varchar(191) DEFAULT NULL COMMENT 'وضعیت تاهل کاربر',
  `type_id` bigint(20) UNSIGNED DEFAULT NULL COMMENT 'شناسه نوع کاربر',
  `state_id` bigint(20) UNSIGNED DEFAULT NULL,
  `city_id` bigint(20) UNSIGNED DEFAULT NULL,
  `birthday` varchar(255) DEFAULT NULL COMMENT 'تاریخ تولد به فرمت میلادی یا شمسی',
  `gender` int(11) DEFAULT NULL COMMENT 'جنسیت (مثلاً 1=مرد، 2=زن)',
  `age` int(11) DEFAULT NULL COMMENT 'سن',
  `originality` varchar(255) DEFAULT NULL COMMENT 'اصالت یا محل تولد کاربر',
  `postalcode` varchar(20) DEFAULT NULL COMMENT 'کد پستی',
  `father_name` varchar(255) DEFAULT NULL COMMENT 'نام پدر',
  `birth_certificate` varchar(255) DEFAULT NULL COMMENT 'شماره شناسنامه',
  `job_title` varchar(255) DEFAULT NULL COMMENT 'عنوان شغلی دقیق',
  `education_id` bigint(20) DEFAULT NULL COMMENT 'مدرک تحصیلی یا مقطع تحصیلی',
  `folder_id` bigint(20) DEFAULT NULL COMMENT 'شناسه پرونده کاربر',
  `folder_validity` varchar(255) DEFAULT NULL COMMENT 'تاریخ اعتبار پرونده',
  `folder_base` bigint(20) DEFAULT NULL COMMENT 'مبنا یا ریشه پرونده',
  `place_id` bigint(20) DEFAULT NULL COMMENT 'محل صدور شناسنامه یا محل خاص دیگر',
  `address` text DEFAULT NULL COMMENT 'آدرس کامل محل سکونت',
  `social` text DEFAULT NULL COMMENT 'شبکه‌های اجتماعی به صورت JSON یا متن',
  `bio` text DEFAULT NULL COMMENT 'بیوگرافی یا توضیحات درباره کاربر',
  `status` tinyint(1) DEFAULT NULL COMMENT 'وضعیت کاربر (فعال یا غیرفعال)',
  `remember_token` varchar(100) DEFAULT NULL COMMENT 'توکن یادآوری برای ورودهای بعدی',
  `created_at` timestamp NULL DEFAULT NULL,
  `updated_at` timestamp NULL DEFAULT NULL
) ENGINE=InnoDB DEFAULT CHARSET=utf8mb4 COLLATE=utf8mb4_unicode_ci;

--
-- Dumping data for table `users`
--

INSERT INTO `users` (`id`, `name`, `username`, `email`, `email_verify`, `email_verified_at`, `level`, `api_token`, `password`, `two_factor_secret`, `two_factor_recovery_codes`, `two_factor_confirmed_at`, `image`, `phone`, `phone_verify`, `telphone`, `national_id`, `user_job`, `marital_status`, `type_id`, `state_id`, `city_id`, `birthday`, `gender`, `age`, `originality`, `postalcode`, `father_name`, `birth_certificate`, `job_title`, `education_id`, `folder_id`, `folder_validity`, `folder_base`, `place_id`, `address`, `social`, `bio`, `status`, `remember_token`, `created_at`, `updated_at`) VALUES
(1, 'محمد حسین دیوان بیگی', NULL, 'hosseindbk@gmail.com', 0, NULL, 'admin', NULL, '$2y$12$V18ExqGEw5ZOov9XoGI7EecN5mN.PvXla3mr/F/V4dqRX4kNpQNY.', NULL, NULL, NULL, NULL, '09128119938', NULL, NULL, '2980417262', NULL, NULL, 1, NULL, NULL, '1371/03/02', 1, NULL, NULL, NULL, NULL, NULL, NULL, NULL, NULL, NULL, NULL, NULL, NULL, NULL, NULL, 4, NULL, '2025-04-27 08:31:03', '2025-05-02 04:22:21');

-- --------------------------------------------------------

--
-- Table structure for table `visits`
--

CREATE TABLE `visits` (
  `id` bigint(20) UNSIGNED NOT NULL COMMENT 'شناسه یکتا بازدید',
  `ip` varchar(255) NOT NULL COMMENT 'آی‌پی بازدیدکننده',
  `page` varchar(255) NOT NULL COMMENT 'شناسه صفحه بازدیدشده',
  `device` varchar(255) NOT NULL COMMENT 'نوع دستگاه (موبایل، دسکتاپ و...)',
  `browser` varchar(255) NOT NULL COMMENT 'مرورگر بازدیدکننده',
  `from_page` varchar(255) NOT NULL COMMENT 'صفحه‌ای که بازدید از آن شروع شده',
  `to_page` varchar(255) NOT NULL COMMENT 'صفحه مقصد بازدید',
  `date` timestamp NOT NULL DEFAULT current_timestamp() ON UPDATE current_timestamp() COMMENT 'تاریخ و زمان بازدید',
  `created_at` timestamp NULL DEFAULT NULL,
  `updated_at` timestamp NULL DEFAULT NULL
) ENGINE=InnoDB DEFAULT CHARSET=utf8mb4 COLLATE=utf8mb4_unicode_ci;

--
-- Indexes for dumped tables
--

--
-- Indexes for table `active_codes`
--
ALTER TABLE `active_codes`
  ADD PRIMARY KEY (`id`),
  ADD KEY `active_codes_user_id_foreign` (`user_id`);

--
-- Indexes for table `activity_logs`
--
ALTER TABLE `activity_logs`
  ADD PRIMARY KEY (`id`),
  ADD KEY `activity_logs_user_id_foreign` (`user_id`);

--
-- Indexes for table `cities`
--
ALTER TABLE `cities`
  ADD PRIMARY KEY (`id`),
  ADD KEY `cities_state_id_foreign` (`state_id`);

--
-- Indexes for table `comments`
--
ALTER TABLE `comments`
  ADD PRIMARY KEY (`id`),
  ADD KEY `comments_user_id_foreign` (`user_id`);

--
-- Indexes for table `failed_jobs`
--
ALTER TABLE `failed_jobs`
  ADD PRIMARY KEY (`id`),
  ADD UNIQUE KEY `failed_jobs_uuid_unique` (`uuid`);

--
-- Indexes for table `menus`
--
ALTER TABLE `menus`
  ADD PRIMARY KEY (`id`),
  ADD KEY `menus_user_id_foreign` (`user_id`);

--
-- Indexes for table `menu_panels`
--
ALTER TABLE `menu_panels`
  ADD PRIMARY KEY (`id`),
  ADD KEY `menu_panels_user_id_foreign` (`user_id`);

--
-- Indexes for table `migrations`
--
ALTER TABLE `migrations`
  ADD PRIMARY KEY (`id`);

--
-- Indexes for table `owners`
--
ALTER TABLE `owners`
  ADD PRIMARY KEY (`id`),
  ADD KEY `owners_user_id_foreign` (`user_id`);

--
-- Indexes for table `password_resets`
--
ALTER TABLE `password_resets`
  ADD KEY `password_resets_email_index` (`email`);

--
-- Indexes for table `password_reset_tokens`
--
ALTER TABLE `password_reset_tokens`
  ADD PRIMARY KEY (`email`);

--
-- Indexes for table `permissions`
--
ALTER TABLE `permissions`
  ADD PRIMARY KEY (`id`),
  ADD KEY `permissions_user_id_foreign` (`user_id`);

--
-- Indexes for table `permission_role`
--
ALTER TABLE `permission_role`
  ADD PRIMARY KEY (`id`),
  ADD KEY `permission_role_role_id_foreign` (`role_id`),
  ADD KEY `permission_role_permission_id_foreign` (`permission_id`);

--
-- Indexes for table `personal_access_tokens`
--
ALTER TABLE `personal_access_tokens`
  ADD PRIMARY KEY (`id`),
  ADD UNIQUE KEY `personal_access_tokens_token_unique` (`token`),
  ADD KEY `personal_access_tokens_tokenable_type_tokenable_id_index` (`tokenable_type`,`tokenable_id`);

--
-- Indexes for table `roles`
--
ALTER TABLE `roles`
  ADD PRIMARY KEY (`id`),
  ADD KEY `roles_user_id_foreign` (`user_id`);

--
-- Indexes for table `role_user`
--
ALTER TABLE `role_user`
  ADD PRIMARY KEY (`role_id`,`user_id`),
  ADD KEY `role_user_user_id_foreign` (`user_id`);

--
-- Indexes for table `states`
--
ALTER TABLE `states`
  ADD PRIMARY KEY (`id`);

--
-- Indexes for table `submenus`
--
ALTER TABLE `submenus`
  ADD PRIMARY KEY (`id`),
  ADD KEY `submenus_menu_id_foreign` (`menu_id`),
  ADD KEY `submenus_user_id_foreign` (`user_id`);

--
-- Indexes for table `submenu_panels`
--
ALTER TABLE `submenu_panels`
  ADD PRIMARY KEY (`id`),
  ADD KEY `submenu_panels_menu_id_foreign` (`menu_id`),
  ADD KEY `submenu_panels_user_id_foreign` (`user_id`);

--
-- Indexes for table `submenu_permissions`
--
ALTER TABLE `submenu_permissions`
  ADD PRIMARY KEY (`id`),
  ADD KEY `submenu_permissions_submenu_id_foreign` (`submenu_id`),
  ADD KEY `submenu_permissions_user_id_foreign` (`user_id`);

--
-- Indexes for table `type_users`
--
ALTER TABLE `type_users`
  ADD PRIMARY KEY (`id`);

--
-- Indexes for table `users`
--
ALTER TABLE `users`
  ADD PRIMARY KEY (`id`),
  ADD KEY `users_type_id_foreign` (`type_id`),
  ADD KEY `users_state_id_foreign` (`state_id`),
  ADD KEY `users_city_id_foreign` (`city_id`);

--
-- Indexes for table `visits`
--
ALTER TABLE `visits`
  ADD PRIMARY KEY (`id`);

--
-- AUTO_INCREMENT for dumped tables
--

--
-- AUTO_INCREMENT for table `active_codes`
--
ALTER TABLE `active_codes`
  MODIFY `id` bigint(20) UNSIGNED NOT NULL AUTO_INCREMENT COMMENT 'شناسه یکتا کد فعال‌سازی';

--
-- AUTO_INCREMENT for table `activity_logs`
--
ALTER TABLE `activity_logs`
  MODIFY `id` bigint(20) UNSIGNED NOT NULL AUTO_INCREMENT COMMENT 'شناسه یکتا لاگ فعالیت';

--
-- AUTO_INCREMENT for table `cities`
--
ALTER TABLE `cities`
  MODIFY `id` bigint(20) UNSIGNED NOT NULL AUTO_INCREMENT COMMENT 'شناسه یکتا', AUTO_INCREMENT=1250;

--
-- AUTO_INCREMENT for table `comments`
--
ALTER TABLE `comments`
  MODIFY `id` bigint(20) UNSIGNED NOT NULL AUTO_INCREMENT COMMENT 'شناسه یکتا کامنت';

--
-- AUTO_INCREMENT for table `failed_jobs`
--
ALTER TABLE `failed_jobs`
  MODIFY `id` bigint(20) UNSIGNED NOT NULL AUTO_INCREMENT;

--
-- AUTO_INCREMENT for table `menus`
--
ALTER TABLE `menus`
  MODIFY `id` bigint(20) UNSIGNED NOT NULL AUTO_INCREMENT COMMENT 'شناسه یکتا پنل منو', AUTO_INCREMENT=4;

--
-- AUTO_INCREMENT for table `menu_panels`
--
ALTER TABLE `menu_panels`
  MODIFY `id` bigint(20) UNSIGNED NOT NULL AUTO_INCREMENT COMMENT 'شناسه یکتا پنل منو', AUTO_INCREMENT=23;

--
-- AUTO_INCREMENT for table `migrations`
--
ALTER TABLE `migrations`
  MODIFY `id` int(10) UNSIGNED NOT NULL AUTO_INCREMENT, AUTO_INCREMENT=24;

--
-- AUTO_INCREMENT for table `owners`
--
ALTER TABLE `owners`
  MODIFY `id` bigint(20) UNSIGNED NOT NULL AUTO_INCREMENT COMMENT 'شناسه یکتا شرکت', AUTO_INCREMENT=3;

--
-- AUTO_INCREMENT for table `permissions`
--
ALTER TABLE `permissions`
  MODIFY `id` bigint(20) UNSIGNED NOT NULL AUTO_INCREMENT COMMENT 'شناسه یکتا سطح دسترسی', AUTO_INCREMENT=34;

--
-- AUTO_INCREMENT for table `permission_role`
--
ALTER TABLE `permission_role`
  MODIFY `id` bigint(20) UNSIGNED NOT NULL AUTO_INCREMENT COMMENT 'شناسه یکتا رکورد';

--
-- AUTO_INCREMENT for table `personal_access_tokens`
--
ALTER TABLE `personal_access_tokens`
  MODIFY `id` bigint(20) UNSIGNED NOT NULL AUTO_INCREMENT;

--
-- AUTO_INCREMENT for table `roles`
--
ALTER TABLE `roles`
  MODIFY `id` bigint(20) UNSIGNED NOT NULL AUTO_INCREMENT COMMENT 'شناسه یکتا نقش', AUTO_INCREMENT=9;

--
-- AUTO_INCREMENT for table `states`
--
ALTER TABLE `states`
  MODIFY `id` bigint(20) UNSIGNED NOT NULL AUTO_INCREMENT COMMENT 'شناسه یکتا', AUTO_INCREMENT=32;

--
-- AUTO_INCREMENT for table `submenus`
--
ALTER TABLE `submenus`
  MODIFY `id` bigint(20) UNSIGNED NOT NULL AUTO_INCREMENT COMMENT 'شناسه یکتا زیرصفحه', AUTO_INCREMENT=2;

--
-- AUTO_INCREMENT for table `submenu_panels`
--
ALTER TABLE `submenu_panels`
  MODIFY `id` bigint(20) UNSIGNED NOT NULL AUTO_INCREMENT COMMENT 'شناسه یکتا پنل زیرمنو', AUTO_INCREMENT=13;

--
-- AUTO_INCREMENT for table `submenu_permissions`
--
ALTER TABLE `submenu_permissions`
  MODIFY `id` bigint(20) UNSIGNED NOT NULL AUTO_INCREMENT COMMENT 'شناسه یکتا دسترسی به زیرمنو';

--
-- AUTO_INCREMENT for table `type_users`
--
ALTER TABLE `type_users`
  MODIFY `id` bigint(20) UNSIGNED NOT NULL AUTO_INCREMENT COMMENT 'شناسه یکتا نوع کاربر', AUTO_INCREMENT=9;

--
-- AUTO_INCREMENT for table `users`
--
ALTER TABLE `users`
  MODIFY `id` bigint(20) UNSIGNED NOT NULL AUTO_INCREMENT COMMENT 'شناسه یکتا کاربر', AUTO_INCREMENT=3;

--
-- AUTO_INCREMENT for table `visits`
--
ALTER TABLE `visits`
  MODIFY `id` bigint(20) UNSIGNED NOT NULL AUTO_INCREMENT COMMENT 'شناسه یکتا بازدید';

--
-- Constraints for dumped tables
--

--
-- Constraints for table `active_codes`
--
ALTER TABLE `active_codes`
  ADD CONSTRAINT `active_codes_user_id_foreign` FOREIGN KEY (`user_id`) REFERENCES `users` (`id`) ON DELETE CASCADE;

--
-- Constraints for table `activity_logs`
--
ALTER TABLE `activity_logs`
  ADD CONSTRAINT `activity_logs_user_id_foreign` FOREIGN KEY (`user_id`) REFERENCES `users` (`id`) ON DELETE CASCADE;

--
-- Constraints for table `cities`
--
ALTER TABLE `cities`
  ADD CONSTRAINT `cities_state_id_foreign` FOREIGN KEY (`state_id`) REFERENCES `states` (`id`) ON DELETE CASCADE;

--
-- Constraints for table `comments`
--
ALTER TABLE `comments`
  ADD CONSTRAINT `comments_user_id_foreign` FOREIGN KEY (`user_id`) REFERENCES `users` (`id`) ON DELETE CASCADE;

--
-- Constraints for table `menus`
--
ALTER TABLE `menus`
  ADD CONSTRAINT `menus_user_id_foreign` FOREIGN KEY (`user_id`) REFERENCES `users` (`id`) ON DELETE CASCADE;

--
-- Constraints for table `menu_panels`
--
ALTER TABLE `menu_panels`
  ADD CONSTRAINT `menu_panels_user_id_foreign` FOREIGN KEY (`user_id`) REFERENCES `users` (`id`) ON DELETE CASCADE;

--
-- Constraints for table `owners`
--
ALTER TABLE `owners`
  ADD CONSTRAINT `owners_user_id_foreign` FOREIGN KEY (`user_id`) REFERENCES `users` (`id`) ON DELETE CASCADE;

--
-- Constraints for table `permissions`
--
ALTER TABLE `permissions`
  ADD CONSTRAINT `permissions_user_id_foreign` FOREIGN KEY (`user_id`) REFERENCES `users` (`id`) ON DELETE CASCADE;

--
-- Constraints for table `permission_role`
--
ALTER TABLE `permission_role`
  ADD CONSTRAINT `permission_role_permission_id_foreign` FOREIGN KEY (`permission_id`) REFERENCES `permissions` (`id`) ON DELETE CASCADE,
  ADD CONSTRAINT `permission_role_role_id_foreign` FOREIGN KEY (`role_id`) REFERENCES `roles` (`id`) ON DELETE CASCADE;

--
-- Constraints for table `roles`
--
ALTER TABLE `roles`
  ADD CONSTRAINT `roles_user_id_foreign` FOREIGN KEY (`user_id`) REFERENCES `users` (`id`) ON DELETE CASCADE;

--
-- Constraints for table `role_user`
--
ALTER TABLE `role_user`
  ADD CONSTRAINT `role_user_role_id_foreign` FOREIGN KEY (`role_id`) REFERENCES `roles` (`id`) ON DELETE CASCADE,
  ADD CONSTRAINT `role_user_user_id_foreign` FOREIGN KEY (`user_id`) REFERENCES `users` (`id`) ON DELETE CASCADE;

--
-- Constraints for table `submenus`
--
ALTER TABLE `submenus`
  ADD CONSTRAINT `submenus_menu_id_foreign` FOREIGN KEY (`menu_id`) REFERENCES `menus` (`id`) ON DELETE CASCADE,
  ADD CONSTRAINT `submenus_user_id_foreign` FOREIGN KEY (`user_id`) REFERENCES `users` (`id`) ON DELETE CASCADE;

--
-- Constraints for table `submenu_panels`
--
ALTER TABLE `submenu_panels`
  ADD CONSTRAINT `submenu_panels_menu_id_foreign` FOREIGN KEY (`menu_id`) REFERENCES `menu_panels` (`id`) ON DELETE CASCADE,
  ADD CONSTRAINT `submenu_panels_user_id_foreign` FOREIGN KEY (`user_id`) REFERENCES `users` (`id`) ON DELETE CASCADE;

--
-- Constraints for table `submenu_permissions`
--
ALTER TABLE `submenu_permissions`
  ADD CONSTRAINT `submenu_permissions_submenu_id_foreign` FOREIGN KEY (`submenu_id`) REFERENCES `submenu_panels` (`id`) ON DELETE CASCADE,
  ADD CONSTRAINT `submenu_permissions_user_id_foreign` FOREIGN KEY (`user_id`) REFERENCES `users` (`id`) ON DELETE CASCADE;

--
-- Constraints for table `users`
--
ALTER TABLE `users`
  ADD CONSTRAINT `users_city_id_foreign` FOREIGN KEY (`city_id`) REFERENCES `cities` (`id`) ON DELETE CASCADE,
  ADD CONSTRAINT `users_state_id_foreign` FOREIGN KEY (`state_id`) REFERENCES `states` (`id`) ON DELETE CASCADE,
  ADD CONSTRAINT `users_type_id_foreign` FOREIGN KEY (`type_id`) REFERENCES `type_users` (`id`) ON DELETE CASCADE;
COMMIT;

/*!40101 SET CHARACTER_SET_CLIENT=@OLD_CHARACTER_SET_CLIENT */;
/*!40101 SET CHARACTER_SET_RESULTS=@OLD_CHARACTER_SET_RESULTS */;
/*!40101 SET COLLATION_CONNECTION=@OLD_COLLATION_CONNECTION */;
